{"presets":{"default":{"customer_layout":"theme","b_scaffolding_bg":"#ffffff","b_scaffolding_color":"#585757","b_links_colour":"#585757","b_links_colour_hover":"#367fa4","b_h1_colour":"#202122","b_h2_colour":"#202122","b_h3_colour":"#202122","b_h4_colour":"#202122","b_h5_colour":"#367fa4","b_h6_colour":"#202122","b_tables_bg":"#ffffff","b_tables_bg_accent":"#d9d9d9","b_tables_bg_hover":"#fafafa","b_tables_border":"#cccccc","b_tables_head_colour":"#434343","b_forms_phd_txt":"#818080","b_forms_input_bg":"#ffffff","b_forms_input_border":"#bfbfbf","b_forms_input_border_accent":"#818080","b_forms_input_disabled_bg":"#eeeeee","b_forms_actions_bg":"#818080","b_states_alerts_error_txt":"#fff0f0","b_states_alerts_error_bg":"#f55856","b_states_alerts_success_txt":"#f2f6ec","b_states_alerts_success_bg":"#01a8d5","btn_btn_bg":"#000000","btn_btn_txt":"#ffffff","btn_btn_border":"#000000","btn_btn_bg_hover":"#367fa4","btn_btn_txt_hover":"#ffffff","btn_btn_border_hover":"#367fa4","btn_btn1_bg":"#ffffff","btn_btn1_txt":"#888686","btn_btn1_border":"#cccccc","btn_btn1_bg_hover":"#ffffff","btn_btn1_txt_hover":"#367fa4","btn_btn1_border_hover":"#367fa4","btn_btn2_bg":"#90af55","btn_btn2_txt":"#ffffff","btn_btn2_border":"#90af55","btn_btn2_bg_hover":"#367fa4","btn_btn2_txt_hover":"#ffffff","btn_btn2_border_hover":"#367fa4","btn_btn3_bg":"#5bd2ec","btn_btn3_txt":"#ffffff","btn_btn3_border":"#5bd2ec","btn_btn3_bg_hover":"#000000","btn_btn3_txt_hover":"#ffffff","btn_btn3_border_hover":"#000000","btn_btn4_bg":"#ffffff","btn_btn4_txt":"#000000","btn_btn4_border":"#ffffff","btn_btn4_bg_hover":"#ffffff","btn_btn4_txt_hover":"#cf2411","btn_btn4_border_hover":"#ffffff","b_tooltip_colour":"#ffffff","b_tooltip_bg":"#367fa4","b_dropdowns_bg":"#eb217f","b_dropdowns_border":"#cccccc","b_dropdowns_link_color":"#cccccc","b_dropdowns_link_color_hover":"#eeeeee","b_dropdowns_link_bg_hover":"#f5f5f5","bg_colour":"#ffffff","selector_colour":"#ffffff","selector_bg":"#367fa4","main_color":"#367fa4","typo_heading_colour":"#000000","typo_heading_border":"#367fa4","typo_title_colour":"#666666","typo_border1_colour":"#cccccc","typo_border2_colour":"#d2d2d2","carousel_bg":"#ffffff","carousel_colour":"#bfbfbf","carousel_hover_bg":"#ffffff","carousel_hover_colour":"#000000","product_price_colour_other":"#202122","product_compare_price_colour_other":"#202122","product_soldout_colour_other":"#808080","header_bg":"#ffffff","header_txt_colour":"#818180","header_link_colour":"#000000","header_link_colour_hover":"#367fa4","header_border":"#cccccc","logo_text":"wintertime","logo_colour":"#000000","search_icon_colour":"#818181","search_searchtext":"Search","support_text":"Support 1800-456789 wintertime","cart_bg_colour":"#ffffff","cart_icon_colour":"#818180","supported_currencies":"USD EUR GBP","default_currency":"USD","currency_heading":"Currency","nav_link_colour":"#818180","nav_hover_colour":"#367fa4","nav_hover_bg":"#000000","nav_bg":"#000000","dropdown_bg_colour":"#ffffff","dropdown_item_colour":"#4d4d4d","dropdown_bg_colour_hover":"#4d4d4d","dropdown_colour_hover":"#367fa4","mobile_bg_colour":"#367fa4","mobile_item_colour":"#ffffff","slide-heading-1":"Coat","slide-heading-colour-1":"#ffffff","slide-caption-colour-1":"#ffffff","slide-link-1":"\/collections","slide-heading-2":"Coat","slide-heading-colour-2":"#ffffff","slide-caption-colour-2":"#ffffff","slide-link-2":"\/collections","slide-heading-3":"Coat","slide-heading-colour-3":"#000000","slide-caption-colour-3":"#fd4848","slide-link-3":"","slide-heading-4":"","slide-heading-colour-4":"#000000","slide-caption-colour-4":"#ffffff","slide-link-4":"","slide-heading-5":"","slide-heading-colour-5":"#000000","slide-caption-colour-5":"#ffffff","slide-link-5":"","home_heading_colour":"#000000","home_border_colour":"#d9d9d9","featured_section_heading":"New product","featured_section_number":"10","text_image_above_tabs_1":"Shop new collection","link_image_above_tabs_1":"\/collections","link_image_above_tabs_2":"\/collections","home_tab_number_item":"12","section_title_color":"#e6e6e8","section_title_color_hover":"#e6e6e8","section_1_title":"Feature Products","section_2_title":"Best Sellers","section_3_title":"Deal of The Day","text_image_below_tabs_1":"Shop new collection","link_image_below_tabs_1":"\/collections","text-bg-block-shoes":"Shoes","text-bg-block-shoes-color":"#ffffff","footer_bg":"#1e1b1a","footer_txt_colour":"#000000","footer_link_colour":"#b5b5b5","footer_link_colour_hover":"#367fa4","social_icons_heading":"Let's Be Friends","social_icons_facebook_link":"#","social_icons_twitter_link":"#","social_icons_pinterest_link":"#","social_icons_google_link":"#","social_icons_youtube_link":"#","social_icons_vimeo_link":"#","social_icons_instagram_link":"#","social_icons_tumblr_link":"#","social_icons_dribbble_link":"#","social_icons_atom_link":"#","mailing_list_heading":"Signup for Newsletter","mailing_list_emailtext":"enter your email ...","mailing_icon_colour":"#000000","mailing_icon_bg":"#000000","footer_about_us_heading":"Pellentesque habitant ristique","footer_linklist_heading_1":"Maecenas veneo","footer_linklist_heading_2":"Consequat intera","footer_linklist_heading_3":"Nascetur ridiculus","footer_linklist_heading_4":"Habitant morbie","footer_linklist_heading_5":"Senectus et netus","footer_linklist_heading_6":"Euismod erat luctus","footer_image_heading_1":"ivamus","footer_image_link_1":"\/collections","footer_image_2":"#367fa4","footer_text_2":"#ffffff","footer_image_heading_2":"About Store","footer_image_link_2":"\/collections","sidebar_heading_colour":"#000000","sidebar_bg":"#ffffff","sidebar_txt_colour":"#585757","sidebar_link_colour":"#585757","sidebar_link_hover_colour":"#367fa4","sidebar_border_colour":"#cccccc","featured_prod_heading":"Featured Products","featured_prod_num":"3","textwidget_heading":"Welcome","vendors_widget_heading":"Product Vendors","types_widget_heading":"Product Types","allcollections_heading":"Product Categories","collection_pagination_limit":"6","product_price_colour":"#367fa4","product_compare_price_colour":"#4e4e4e","product_soldout_colour":"#4e4e4e","saleoff_txt":"Sale Off","saleoff_colour":"#ffffff","saleoff_bg":"#000000","product_border1_colour":"#dfdfdf","product_background1_colour":"#ffffff","productspg_featured_collection_heading":"Related items","productspg_featured_limit":"6","blog_text":"#8e8e8e","blog_link":"#202122","blog_link_hover":"#367fa4","blog_border_colour":"#d2d2d2","blog_pagination_limit":"2","blog_recent_title":"Recent Articles","blog_recent_number":"4","blog_tags_title":"Tags","comment_bg":"#eeeeee","comment_pagination_limit":"3","contact_map_heading":"","contact_address":"249 Ung Văn Khiêm, phường 25, Ho Chi Minh City, Vietnam","contact_height":"335","shipping_calculator_heading":"Get shipping estimates","shipping_calculator_default_country":"United States","shipping_calculator_submit_button_label":"Calculate shipping","shipping_calculator_submit_button_label_disabled":"Calculating...","totop_label":"Top","slide-caption-1":"Aenean rutrum vestibulum fermentum porttitor dolor consequat orci ante ipsum primis in faucibus ultrices posuere","slide-caption-2":"Aenean rutrum vestibulum fermentum porttitor dolor consequat orci ante ipsum primis in faucibus ultrices posuere","slide-caption-3":"Aenean rutrum vestibulum fermentum porttitor dolor consequat orci ante ipsum primis in faucibus ultrices posuere","slide-caption-4":"","slide-caption-5":"","link_image_below_tabs_2":"<iframe width=\"560\" height=\"315\" src=\"\/\/www.youtube.com\/embed\/iwvq1687gi8\" frameborder=\"0\" allowfullscreen><\/iframe>","mailing_list_tagline":"","mailchimp_form_action":"http:\/\/codespot.us5.list-manage.com\/subscribe\/post?u=ed73bc2d2f8ae97778246702e&amp;id=c63b4d644d","content_footer_about_us":"Quisque rutrum diam quis enim rhoncus iaculis. Morbi iaculis volutpat lectus vitae scelerisque. Nulla eget urna nunc. Suspendisse vitae dui tempor, consequat justo id, varius urna. Maecenas mattis blandit ipsum, sit amet euismod erat luctus eu. Donec eget tempor est. Nulla convallis aliquet pretium. Nullam commodo tempus consequat. Interdum et malesuada fames ac ante ipsum","footer_image_content_1":"Aenean rutrum et leo non vestibulum. Sed eget nisl metus eros urna fermentum porttitor dolor. Mauris eget consequat orci ante ipsum primis in faucibus ultrices posuere cubilia urae aliquam elementum sapien blandit feugiat tellus lacus","footer_image_content_2":"Aenean rutrum et leo non vestibulum metus eros urna fermentum porttitor dolor eget consequat ipsum primis in faucibus luctus ultrices posuere cubilia urae aliquam elementum sapien blandit feugiat tellus consequat tincidunt gravida enim urna imperdiet non","textwidget_content":"Maecenas vitae urna in arcu pla vulputate ut eu dui. Fusce quisst neque vulputate, viverra orci vel, accumsan lorem. Lorem ipsum dolor sit amet, consectetur adipiscing elit. Mauris sit amet felis sed tellus","b_links_decoration":"none","b_links_decoration_hover":"none","b_h1_size":"30px","b_h1_weight":"normal","b_h2_size":"22px","b_h2_weight":"normal","b_h3_size":"20px","b_h3_weight":"normal","b_h4_size":"16px","b_h4_weight":"normal","b_h5_size":"14px","b_h5_weight":"normal","b_h6_size":"14px","b_h6_weight":"normal","btn_btn_font_size":"11px","btn_btn1_font_size":"14px","btn_btn2_font_size":"14px","btn_btn3_font_size":"22px","btn_btn4_font_size":"14px","b_tooltip_font_size":"10px","site_bg":"bg_colour","product_item_effect":"rotation","header_font":"'Signika', sans-serif","general_font":"'Signika', sans-serif","general_font_size":"12px","misc_font":"'Cantata One', sans-serif","typo_heading_size":"18px","product_price_font_size_other":"22px","product_price_font_style_other":"normal","product_price_font_weight_other":"bold","product_compare_price_font_size_other":"30px","product_compare_price_font_style_other":"normal","product_compare_price_font_weight_other":"bold","product_soldout_font_size_other":"30px","product_soldout_font_style_other":"normal","product_soldout_font_weight_other":"normal","header_bg_placement":"within-container","header_txt_size":"11px","header_link_style":"normal","header_link_weight":"normal","header_link_style_hover":"normal","header_link_weight_hover":"normal","logo_image":"logo.png","logo_font_size":"40px","logo_font_style":"normal","logo_font_weight":"bold","search_icon_size":"12px","cart_icon_size":"16px","currency_format":"money_format","currency_style":"dropdown","nav_linklist":"main-menu","nav_font_size":"16px","slide-heading-animation-1":"fadeIn","slide-caption-animation-1":"fadeIn","slide-heading-animation-2":"moveFromTop","slide-caption-animation-2":"moveFromBottom","slide-heading-animation-3":"fadeFromLeft","slide-caption-animation-3":"fadeFromRight","slide-heading-animation-4":"slideAppearUpToDown","slide-caption-animation-4":"slideAppearDownToUp","slide-heading-animation-5":"slideAppearRightToLeft","slide-caption-animation-5":"slideAppearRightToLeft","home_heading_size":"28px","home_heading_style":"normal","home_heading_weight":"bold","featured_section_collection":"coats-for-women","section_1_collection":"accessories","section_2_collection":"coats-for-men","section_3_collection":"coats-for-women","text-bg-block-shoes-size":"160px","block-shoes-collection":"shoes","footer_bg_placement":"within-container","footer_txt_size":"12px","footer_link_style":"normal","footer_link_weight":"normal","footer_link_style_hover":"normal","footer_link_weight_hover":"normal","social_icons_size":"24px","footer_linklist_1":"link-list-1","footer_linklist_2":"main-menu","footer_linklist_3":"main-menu","footer_linklist_4":"main-menu","footer_linklist_5":"main-menu","footer_linklist_6":"main-menu","sidebar_heading_size":"18px","sidebar_heading_style":"normal","sidebar_heading_weight":"bold","sidebar_txt_size":"12px","sidebar_link_style":"normal","sidebar_link_weight":"normal","sidebar_link_hover_style":"normal","sidebar_link_hover_weight":"bold","featured_prod_collection":"accessories","collection_grid_list_default":"grid","main_image_display":"both","product_price_font_size":"16px","product_price_font_style":"normal","product_price_font_weight":"normal","product_compare_price_font_size":"14px","product_compare_price_font_style":"normal","product_compare_price_font_weight":"normal","product_soldout_font_size":"14px","product_soldout_font_style":"italic","product_soldout_font_weight":"bold","use_saleoff":"saleoff_img","saleoff_font_size":"13px","contact_type":"ROADMAP","contact_zoom":"17","shipping_calculator":"Disabled","selector_use":true,"show_header_search":true,"search_icon":true,"show_header_cart":true,"cart_dropdown":true,"show_header_customer":true,"customer_login_dropdown":true,"show_multiple_currencies":true,"show_slideshow":true,"slideshow_auto":true,"show_slideshow_dots":true,"slide-active-1":true,"slide-active-2":true,"slide-active-3":true,"slide-active-4":false,"slide-active-5":false,"featured_section_show":true,"show_image_above_tabs_1":true,"show_image_above_tabs_2":true,"home_tab_show":true,"section_1_show":true,"section_2_show":true,"section_3_show":true,"show_image_below_tabs_1":true,"show_image_below_tabs_2":true,"show_block_shoes":true,"social_icons_show":true,"social_icons_facebook_show":true,"social_icons_twitter_show":true,"social_icons_pinterest_show":true,"social_icons_google_show":false,"social_icons_youtube_show":true,"social_icons_vimeo_show":false,"social_icons_instagram_show":false,"social_icons_tumblr_show":false,"social_icons_dribbble_show":false,"social_icons_atom_show":true,"show_mailing_list":true,"show_footer_about_us":true,"show_footer_linklist_1":true,"show_footer_linklist_2":true,"show_footer_linklist_3":true,"show_footer_linklist_4":true,"show_footer_linklist_5":true,"show_footer_linklist_6":true,"show_footer_image_1":true,"show_footer_image_2":true,"show_visa":true,"show_mastercard":true,"show_amex":true,"show_paypal":true,"show_sidebar_prodcoll":true,"featured_prod_visible":true,"textwidget_visible":true,"show_vendors_widget":true,"show_types_widget":true,"show_allcollections_widget":true,"show_widget_linklist1":false,"show_widget_linklist2":false,"collection_banner":true,"collection_image":false,"collection_desc":false,"collection_tags":true,"collection_sort":true,"collection_grid_list":true,"like_facebook":false,"like_twitter":false,"like_googleplus":false,"like_pinterest":false,"share_facebook":false,"share_twitter":false,"share_pinterest":false,"share_email":false,"share_print":false,"share_all":true,"productspg_related_products":true,"blog_sidebar_show":true,"blog_recent_show":true,"blog_tags_show":true,"contact_map":true,"contact_scroll":false,"allow_add_note":true,"totop_show":false,"slideshow_placement":"full-width","share_wish_list_text":"Share my wish list via email","show_wish_list":"true","share_wish_list":"true","nav_font":"'Open Sans', sans-serif","text_image_above_tabs_2":"","featured_collections_home_heading":"Featured Categories","featured_collections_home":"true","featured_section_heading_2":"New Products","featured_section_number_2":"8","featured_section_collection_2":"praesent-consequat-lorem-lacus-1","featured_section_show_2":"true","featured_section_heading_1":"New Products","featured_section_number_1":"6","featured_section_collection_1":"praesent-consequat-lorem-lacus-1","featured_section_show_1":"true","show_page_home_heading":"Introduction","show_page_home":"true","home_banner_link_1":"\/collections\/all","home_banner_link_2":"\/collections\/all","home_banner_link_3":"\/collections\/all","home_banner_link_4":"\/collections\/all","home_banner_beside_use":"true","home_banner_show_1":"true","home_banner_show_2":"true","home_banner_show_3":"true","home_banner_show_4":"true","bottom_block_heading_1":"Free Shipping on orders over $100","bottom_block_caption_1":"Nam eu dui elementum felis dictum cursus done convallis tristique rutrum vitae","bottom_block_heading_2":"Call us tall free 1800 - 800 - Fabriluer","bottom_block_caption_2":"Nam eu dui elementum felis dictum cursus done convallis tristique rutrum vitae","bottom_block_use":"true","bottom_block_show_1":"true","bottom_block_show_2":"true","twitterwidget_title":"From twitter","twitterwidget_username":"EMThemes","twitterwidget_id":"354091846672211968","twitterwidget_numtweets":"2","twitterwidget_link_colour":"#fd4949","footer_linklist1_heading":"Menu","footer_linklist2_heading":"Information","footer_linklist1":"link-list-1","footer_linklist2":"link-list-2","footer_linklist3":"link-list-3","twitterwidget_visible":"true","show_footer_linklist1":"true","show_footer_linklist2":"true","show_footer_linklist3":"true","slide-call-to-action-1":"Shop Now","slide-call-to-action-bg-1":"#fd4848","slide-caption-colour-des-1":"#000000","slide-call-to-action-2":"View Now &gt","slide-call-to-action-bg-2":"","slide-caption-colour-des-2":"#000000","slide-call-to-action-3":"","slide-call-to-action-bg-3":"#000000","slide-caption-colour-des-3":"#ffffff","slide-call-to-action-4":"","slide-call-to-action-bg-4":"#000000","slide-caption-colour-des-4":"#ffffff","slide-call-to-action-5":"","slide-call-to-action-bg-5":"#000000","slide-caption-colour-des-5":"#ffffff","slide-caption-des-1":"","slide-caption-des-2":"Pellentesque habitant morbi tristique senectus et netus et malesuada fames ac turpis egestas. Aliquam erat volutpat donec\r\nmollis dolor cras non nisl vel lorem varius aliquam","slide-caption-des-3":"","slide-caption-des-4":"","slide-caption-des-5":"","slide-caption-animation-des-1":"moveFromBottom","slide-caption-animation-des-2":"moveFromBottom","slide-caption-animation-des-3":"moveFromRight","slide-caption-animation-des-4":"moveFromLeft","slide-caption-animation-des-5":"moveFromLeft","logo_hover_colour":"#367fa4","top_txt_colour":"#666666","top_link_colour":"#666666","top_link_colour_hover":"#fd4949","top_txt_size":"11px","slideshow_dots_colour":"#b7b7b7","slideshow_dots_hover_colour":"#434648","social_icons_colour":"#ff0000","social_icons_hover_colour":"#ff0000","top_bg_colour":"#fe4b4b","footer_linklist4_heading":"","footer_linklist4":"footer","show_footer_linklist4":"true","home_banner_heading":"today's promotions","home_banner_heading_colour":"#ffffff","home_banner_action":"advertise with us","home_banner_action_link":"\/collections\/all","home_banner_link_5":"\/collections\/all","home_banner_link_6":"#","home_banner_link_7":"#","home_banner_link_8":"#","home_banner_link_9":"#","home_banner_link_10":"#","ads_home_heading":"Fusce fashion","ads_home_heading_size":"67","ads_home_heading_color":"#ffffff","ads_home_caption":"Praesent egestas","ads_home_caption_size":"67","ads_home_caption_color":"#ffffff","ads_home_action":"Shop online","ads_home_action_link":"\/collections","ads_home_action_size":"23","ads_home_action_color":"#000000","ads_home_action_bg":"#ffffff","home_banner_heading_size":"18px","home_banner_use":"true","home_banner_show_5":"true","home_banner_show_6":"false","home_banner_show_7":"false","home_banner_show_8":"false","home_banner_show_9":"false","home_banner_show_10":"false","show_ads_home":"true","featured_section_heading_3":"Most Popular","featured_section_number_3":"10","featured_section_collection_3":"","featured_section_show_3":"false","blog_panner1_title":"","blog_panner1_link":"\/collections\/all","blog_panner2_title":"","blog_panner2_link":"\/collections\/all","blog_panner1_show":"true","blog_panner2_show":"true","productspg_related_products_heading":"Related item","top_message_1_title":"Free shipping to over 100 countries +","top_message_1_link":"\/collections\/all","top_message_2_title":"Save: up to 50% off women \/ men","top_message_2_link":"\/collections\/all","show_top_message_1":"true","show_top_message_2":"true","3_sections_home_heading_colour":"#505050","3_sections_home_text_colour":"#000000","section1_heading":"","section1_text":"","section2_heading":"","section2_text":"","3_sections_home_heading_size":"14px","3_sections_home_heading_style":"normal","3_sections_home_text_size":"18px","3_sections_home_text_style":"bold","section1_use":"both","section2_use":"both","show_3_sections_home":"true","bottom_shipping_heading":"Free shipping all over $695","bottom_shipping_action_txt":"View details","bottom_shipping_action_link":"#","bottom_contact_heading":"About Estmeque’s","bottom_contact_action1_title":"Visit store","bottom_contact_action1_link":"\/","bottom_contact_action2_title":"Contact","bottom_contact_action2_link":"\/pages\/contact-us","bottom_contact_intro":"Pellentesque a lobortis ligula. Phasellus aliquam, orci et congue bibendum, elit orci facilisis turpis, vitae suscipit nisi  mattis nec quam a ultricies. Sed vitae lacinia nequejusto aliquam lacus, eget bibendum lectus  neque a enim massa loreser","bottom_contact_address":"No.123 fake, Green house, Heaven Ward, Gosh City","bottom_contact_email":"emthemesvn@gmail.com","bottom_contact_phone":"010 123 789 345","bottom_contact_fax":"010 234 890 734","bottom_contact_website":"","partners_heading":"Our Partner","partners_link_1":"\/","partners_link_2":"\/","partners_link_3":"\/","partners_link_4":"\/","partners_link_5":"\/","partners_link_6":"\/","partners_link_7":"\/","partners_link_8":"\/","partners_link_9":"\/","partners_link_10":"\/","bottom_shipping_show":"true","bottom_contact_show":"true","partners_show":"true","partners_logo_show_1":"true","partners_logo_show_2":"true","partners_logo_show_3":"true","partners_logo_show_4":"true","partners_logo_show_5":"true","partners_logo_show_6":"true","partners_logo_show_7":"true","partners_logo_show_8":"true","partners_logo_show_9":"true","partners_logo_show_10":"true","sidebar_panner1_title":"","sidebar_panner1_link":"\/collections\/all","sidebar_panner2_title":"","sidebar_panner2_link":"\/collections\/all","sidebar_panner1_show":"true","sidebar_panner2_show":"true","flickr_heading":"Flickr","flickr_id":"78156602@N03","flickr_limit":"6","flickr_border":"#ffffff","flickr_border_hover":"#000000","footer_linklist3_heading":"Customer Service","social_icons_flickr_link":"#","show_sidebar_placement":"right","flickr_show":"true","social_icons_flickr_show":"false","show_footer_secure":"false","sidebar_heading_bg":"#ffffff","latest_news_heading":"Estneque fashions BLog","latest_news_number":"2","footer_tags_heading":"Popular Tags","footer_tags_limit":"10","footer_tags_color_hover":"#ffffff","footer_tags_bg_hover":"#000000","footer_tags_collection":"all","latest_news_show":"true","footer_tags_show":"true","show_skrill":"true","left_bg_action_txt":"Collections","left_bg_action_link":"\/collections","right_bg_action_txt":"Collections","right_bg_action_link":"\/collections","left_bg_action_position":"none","right_bg_action_position":"bottom","left_bg_use":"true","right_bg_use":"true","slideshow_navs_colour":"#ffffff","carousel_dots_colour":"#333333","carousel_dots_active_colour":"#ffffff","show_carousel":"true","carousel_auto":"true","show_carousel_dots":"false","carousel_placement":"full-width","footer_heading_colour":"#2d2e30","footer_link_miscellaneous":"#000000","footer_heading_size":"12px","footer_heading_style":"bold","footer_heading_weight":"normal","sidebar_link_size":"12px","sidebar_link_hover_size":"12px","mobile_hover_colour":"#808080","nav_link_bg":"#cd2122","sale_text_color":"#808080","comment_text_colour":"#AFAFAF","comment_author_colour":"#FCF3C1","comment_date_colour":"#3A3D3F","search_pagination_limit":"6","qs_colour":"#202020","qs_bg":"#FFFFFF","qs_border":"#e5e5e5","qs_colour_hover":"#a2a2a2","qs_bg_hover":"#000000","qs_border_hover":"#a2a2a2","dropdown_hover_colour":"#202020","mailing_list_type":"mailchimp","footer_link_hover_colour":"#000000","footer_link_hover_size":"14px","footer_link_hover_style":"normal","mailing_list_title":"Newsletter","b_links_hover_colour":"#005580","header_link_hover_colour":"#000000","b_links_hover_size":"12px","b_links_hover_style":"bold","header_link_hover_size":"12px","header_link_hover_style":"normal","latest_news_post":"blog","page_home":"frontpage","productspg_featured_collection":"pellentes-sagittis-sodales-1","blog_recent_blog":"blogs","__LIQUID__.b_states_alerts_error_bg":"#f2dede","__LIQUID__.b_states_alerts_error_txt":"#b94a48","__LIQUID__.footer_bg":"#ffffff"}},"current":{"b_scaffolding_bg":"#ffffff","bkg-color":"#f7f7f7","b_scaffolding_color":"#000000","b_links_colour":"#202020","b_links_colour_hover":"#a07936","b_h1_size":"20px","b_h1_weight":"normal","b_h1_colour":"#202020","b_h2_size":"24px","b_h2_weight":"normal","b_h2_colour":"#202020","b_h3_size":"20px","b_h3_weight":"normal","b_h3_colour":"#808080","b_h4_size":"16px","b_h4_weight":"normal","b_h4_colour":"#808080","b_h5_size":"20px","b_h5_weight":"normal","b_h5_colour":"#000000","b_h6_size":"20px","b_h6_weight":"normal","b_h6_colour":"#000000","b_tables_bg":"#ffffff","b_tables_bg_accent":"#ebebeb","b_tables_bg_hover":"#fafafa","b_tables_border":"#ebebeb","b_tables_head_colour":"#202020","b_forms_phd_txt":"#b4b4b4","b_forms_input_bg":"#ffffff","b_forms_input_border":"#dedede","b_forms_input_border_accent":"#818080","b_forms_input_disabled_bg":"#eeeeee","b_forms_actions_bg":"#818080","b_states_alerts_error_txt":"#fff0f0","b_states_alerts_error_bg":"#f55856","b_states_alerts_success_txt":"#f2f6ec","b_states_alerts_success_bg":"#01a8d5","btn_btn_bg":"#ffffff","btn_btn_txt":"#8f8f8f","btn_btn_border":"#dedede","btn_btn_bg_hover":"#a07936","btn_btn_txt_hover":"#ffffff","btn_btn_border_hover":"#a07936","btn_btn_font_size":"11px","btn_btn1_bg":"rgba(0,0,0,0)","btn_btn1_txt":"#8f8f8f","btn_btn1_border":"#dedede","btn_btn1_bg_hover":"#a07936","btn_btn1_txt_hover":"#ffffff","btn_btn1_border_hover":"#a07936","btn_btn1_font_size":"14px","btn_btn2_bg":"#ebebeb","btn_btn2_txt":"#8f8f8f","btn_btn2_border":"#dedede","btn_btn2_bg_hover":"#ffffff","btn_btn2_txt_hover":"#202020","btn_btn2_border_hover":"#202020","b_tooltip_colour":"#ffffff","b_tooltip_bg":"#cf132c","b_tooltip_font_size":"10px","b_dropdowns_bg":"#eb217f","b_dropdowns_border":"#cccccc","b_dropdowns_link_color":"#cccccc","b_dropdowns_link_color_hover":"#eeeeee","b_dropdowns_link_bg_hover":"#f5f5f5","site_bg":"bg_colour","bg_colour":"#ffffff","selector_use":true,"selector_colour":"#000000","selector_bg":"#ebebeb","header_font":"'Belleza', sans-serif","general_font":"'Lato', sans-serif","general_font_size":"14px","title_footer":"'Raleway', sans-serif","misc_font":"'Quicksand', sans-serif","typo_heading_colour":"#202020","typo_heading_size":"18px","typo_heading_border":"#cf132c","typo_title_colour":"#808080","typo_border1_colour":"#ebebeb","typo_border2_colour":"#000000","product_price_font_size_other":"22px","product_price_font_style_other":"normal","product_price_font_weight_other":"normal","product_price_colour_other":"#a07936","product_compare_price_font_size_other":"30px","product_compare_price_font_style_other":"normal","product_compare_price_font_weight_other":"normal","product_compare_price_colour_other":"#cccccc","product_soldout_font_size_other":"30px","product_soldout_font_style_other":"normal","product_soldout_font_weight_other":"normal","product_soldout_colour_other":"#202020","header_bg_placement":"within-container","header_bg":"rgba(0,0,0,0)","header_txt_size":"11px","header_txt_colour":"#202020","header_link_style":"normal","header_link_weight":"normal","header_link_colour":"#202020","header_link_style_hover":"normal","header_link_weight_hover":"normal","header_link_colour_hover":"#a07936","header_border":"#e5e5e5","logo_image":"logo.png","logo_text":"Jewerly","logo_colour":"#ffffff","logo_font_size":"40px","logo_font_style":"normal","logo_font_weight":"normal","header_phone_number":"PHONE SHOPING (01) 123 456 UJ","show_header_customer":true,"customer_login_dropdown":true,"social_icons_show":false,"social_icons_dribbble_link":"#","social_icons_dribbble_show":false,"social_icons_facebook_link":"#","social_icons_facebook_show":true,"social_icons_twitter_link":"#","social_icons_twitter_show":true,"social_icons_vimeo_link":"#","social_icons_vimeo_show":false,"social_icons_google_link":"#","social_icons_google_show":false,"social_icons_pinterest_link":"#","social_icons_pinterest_show":false,"social_icons_youtube_link":"#","social_icons_youtube_show":false,"social_icons_instagram_link":"#","social_icons_instagram_show":true,"social_icons_tumblr_link":"#","social_icons_tumblr_show":false,"social_icons_atom_link":"#","social_icons_atom_show":false,"show_header_search":true,"search_icon":true,"search_icon_colour":"#818181","search_icon_size":"12px","search_searchtext":"Search something...","show_header_cart":false,"cart_bg_colour":"#ffffff","cart_dropdown":false,"show_top_info":false,"top_info_number":"5","top_info_caption1":"Cookies improve the way our website works, by using this website you are agreeing to our use of cookies.","top_info_link1":"\/collections","top_info_action":"Learn More","nav_linklist":"main-menu","nav_bg_colour":"rgba(0,0,0,0)","nav_link_colour":"#202020","nav_hover_colour":"#a07936","nav_hover_bg":"#ffffff","dropdown_bg_colour":"#ffffff","dropdown_item_colour":"#505050","dropdown_bg_colour_hover":"#ffffff","mobile_bg_colour":"#ffffff","mobile_item_colour":"#000000","display_megamenu":true,"megamenu_items_1":"Diamonds","megamenu_items_min_height_1":"490px","mega_column_1":"2","mega_linklist_1":"rings","megamenu_new_1_label":"Alternative Metal Rings","megamenu_hot_1_label":"classic metal rings","megamenu_sale_1_label":"Diamond Rings","megamenu_fea_1_label":"Tristique Amet","mega_linklist_2":"build-your-own-ring","megamenu_new_2_label":"Diamods","megamenu_hot_2_label":"Rings","megamenu_sale_2_label":"Wedding Rings","megamenu_fea_2_label":"Education","mega_linklist_3":"","megamenu_new_3_label":"","megamenu_hot_3_label":"","megamenu_sale_3_label":"Phasellus Leo","megamenu_fea_3_label":"","mega_linklist_4":"","megamenu_new_4_label":"Diamonds","megamenu_hot_4_label":"Rings","megamenu_sale_4_label":"Wedding Rings","megamenu_fea_4_label":"Education","mega_linklist_5":"","megamenu_new_5_label":"","megamenu_hot_5_label":"","megamenu_sale_5_label":"","megamenu_fea_5_label":"","mega_linklist_6":"","megamenu_new_6_label":"","megamenu_hot_6_label":"","megamenu_sale_6_label":"","megamenu_fea_6_label":"","display_menu_image_1":true,"megamenu_items_2":"Rings","megamenu_items_min_height_2":"490px","mega_column_2":"2","mega_linklist_7":"rings","megamenu_new_7_label":"Diamod Rings","megamenu_hot_7_label":"Alternative Metal Rings","megamenu_sale_7_label":"Classic Wedding Rings","megamenu_fea_7_label":"Home","mega_linklist_8":"main-menu","megamenu_new_8_label":"","megamenu_hot_8_label":"","megamenu_sale_8_label":"","megamenu_fea_8_label":"","mega_linklist_9":"","megamenu_new_9_label":"","megamenu_hot_9_label":"","megamenu_sale_9_label":"","megamenu_fea_9_label":"","mega_linklist_10":"","megamenu_new_10_label":"","megamenu_hot_10_label":"","megamenu_sale_10_label":"","megamenu_fea_10_label":"","mega_linklist_11":"","megamenu_new_11_label":"","megamenu_hot_11_label":"","megamenu_sale_11_label":"","megamenu_fea_11_label":"","mega_linklist_12":"","megamenu_new_12_label":"","megamenu_hot_12_label":"","megamenu_sale_12_label":"","megamenu_fea_12_label":"","display_menu_image_2":true,"show_slideshow":true,"slideshow_auto":false,"layout_placement_slideshow":"wide","effect_slide":"random","slide-active-1":true,"slide-heading-1":"Live the moment","slide-heading-colour-1":"#010101","slide-heading-animation-1":"fadeIn","slide-caption-1":"Lorem ipsum dolor sit amet, consectetur adipisicing elit, sed do eiusmod","slide-caption-colour-1":"#010101","slide-caption-animation-1":"fadeIn","slide-image-caption-active-1":true,"slide-image-caption-animation-1":"moveFromLeft","slide-action-1":"See Collection","slide-link-1":"\/collections\/diamond-ring","slide-active-2":true,"slide-heading-2":"Love’s embrace","slide-heading-colour-2":"#666666","slide-heading-animation-2":"moveFromLeft","slide-caption-2":"","slide-caption-colour-2":"#010101","slide-caption-animation-2":"moveFromRight","slide-image-caption-active-2":true,"slide-image-caption-animation-2":"moveFromLeft","slide-action-2":"See Collection","slide-link-2":"\/collections\/alternative-metal-rings","slide-active-3":true,"slide-heading-3":"","slide-heading-colour-3":"#010101","slide-heading-animation-3":"fadeFromLeft","slide-caption-3":"Lorem ipsum dolor sit amet, consectetur adipisicing elit, sed do eiusmod tempor incididunt ut labore et <br\/>dolore magna aliqua. Ut enim ad minim veniam, quis nostrud exercitation ullamco laboris nisi ut aliquip <br\/> ex ea commodo consequat. Duis aute irure dolor in reprehenderitvoluptatem.","slide-caption-colour-3":"#010101","slide-caption-animation-3":"fadeFromRight","slide-image-caption-active-3":true,"slide-image-caption-animation-3":"moveFromLeft","slide-action-3":"See Collection","slide-link-3":"\/collections\/classic-wedding-rings","slide-active-4":false,"slide-heading-4":"learn more","slide-heading-colour-4":"#202020","slide-heading-animation-4":"moveFromLeft","slide-caption-4":"magnam aliquam quaerat voluptatem. Ut enim ad minima veniam, quis nostrum exercitationem ullam corporis suscipit laboriosam.","slide-caption-colour-4":"#202020","slide-caption-animation-4":"moveFromRight","slide-image-caption-active-4":false,"slide-image-caption-animation-4":"moveFromLeft","slide-action-4":"","slide-link-4":"","slide-active-5":false,"slide-heading-5":"","slide-heading-colour-5":"#000000","slide-heading-animation-5":"moveFromLeft","slide-caption-5":"Nemo enim ipsam voluptatem quia voluptas sit aspernatur aut odit aut fugit sed quia consequuntur magni dolores eos qui.","slide-caption-colour-5":"#ffffff","slide-caption-animation-5":"moveFromLeft","slide-image-caption-active-5":false,"slide-image-caption-animation-5":"moveFromLeft","slide-action-5":"View Collection","slide-link-5":"","home_heading_size":"28px","home_heading_style":"normal","home_heading_weight":"bold","home_heading_colour":"#000000","home_border_colour":"#d9d9d9","popular_collections_show":true,"popular_collections_heading":"Browse our Categories","popular_collections_1":"classic-wedding-rings","popular_collections_2":"alternative-metal-rings","popular_collections_3":"diamond-ring","popular_collections_4":"frontpage","popular_collections_5":"alternative-metal-rings","popular_collections_6":"","popular_collections_7":"","popular_collections_8":"","new_section_show":true,"new_section_heading":"New Products","new_section_collection":"alternative-metal-rings","new_section_number":"6","home_banner_show":true,"home_banne_caption":"Sed do eiusmod tempor incididunt ut labore et dolore magna aliqua.<br\/>\r\nUt enim ad minim veniam, quis nostrud exercitation ullamco laboris nisi ut aliquip ex ea commodo consequat.","home_banner_action":"Shop Now","home_banner_link":"\/collections","home_blog_title":"Latest News","home_bottom_banner_show":false,"home_blog_show":false,"home_blog_use":"","home_blog_number":"3","featured_section_show":true,"featured_section_heading":"Featured Products","featured_section_collection":"classic-wedding-rings","featured_section_number":"7","partners_show":false,"partners_heading":"Popular Brands","partners_logo_show_1":false,"partners_link_1":"collections\/vendors?q=Vendor%201","partners_logo_show_2":true,"partners_link_2":"collections\/vendors?q=Vendor%202","partners_logo_show_3":true,"partners_link_3":"collections\/vendors?q=Vendor%203","partners_logo_show_4":true,"partners_link_4":"collections\/vendors?q=Vendor%204","partners_logo_show_5":true,"partners_link_5":"collections\/vendors?q=Vendor%201","partners_logo_show_6":true,"partners_link_6":"collections\/vendors?q=Vendor%202","partners_logo_show_7":true,"partners_link_7":"collections\/vendors?q=Vendor%203","partners_logo_show_8":false,"partners_link_8":"collections\/vendors?q=Vendor%204","partners_logo_show_9":false,"partners_link_9":"\/","partners_logo_show_10":false,"partners_link_10":"\/","footer_txt_size":"12px","footer_txt_colour":"#000000","footer_link_style":"normal","footer_link_weight":"bold","footer_link_colour":"#000000","footer_link_style_hover":"normal","footer_link_weight_hover":"normal","footer_link_colour_hover":"#a07936","show_mailing_list":true,"show_popup_mc":true,"mailing_list_timeout":"500000","mailing_list_heading":"-50% Deal","mailing_list_tagline":"subscribe for newsletter and get the item for 50% off","mailchimp_form_action":"http:\/\/codespot.us5.list-manage.com\/subscribe\/post?u=ed73bc2d2f8ae97778246702e&amp;id=c63b4d644d","mailing_list_emailtext":"YOUR EMAIL","mailing_list_ignoretext":"Never show this message again","show_footer_linklist_1":true,"footer_linklist_heading_1":"My Account","footer_linklist_1":"my-account","show_footer_link_list_2":false,"footer_linklist_heading_2":"","footer_linklist_2":"","show_footer_link_list_3":true,"footer_linklist_heading_3":"Account","footer_linklist_3":"privacy-policy","show_footer_link_list_4":true,"footer_linklist_heading_4":"Customer","footer_linklist_4":"","show_paypal":false,"show_visa":false,"show_amex":false,"show_mastercard":false,"show_moneybookers":false,"show_sidebar_prodcoll":true,"sidebar_heading_style":"normal","sidebar_heading_weight":"bold","sidebar_heading_colour":"#202020","sidebar_bg":"#f7f7f7","sidebar_txt_size":"12px","sidebar_txt_colour":"#808080","sidebar_link_style":"normal","sidebar_link_weight":"normal","sidebar_link_colour":"#808080","sidebar_link_hover_style":"normal","sidebar_link_hover_weight":"bold","sidebar_link_hover_colour":"#a07936","sidebar_border_colour":"#eaeaea","group_tag_1_label":"Size","group_tag_1":"S,M,L,XL","group_tag_2_label":"Color","group_tag_2":"Red, Green, Black, Gray, White","group_tag_3_label":"Price","group_tag_3":"Under $100, $100 - $200, Above $200","group_tag_4_label":"","group_tag_4":"","featured_prod_visible":true,"featured_prod_heading":"Specials","featured_prod_collection":"","featured_prod_num":"4","textwidget_visible":true,"textwidget_heading":"Welcome","textwidget_content":"Porro quisquam est, qui dolorem ipsum sitet dolor sit amet, consectetur, adipisci velit, sed quia non numquam eius modi tempora labore et dolore eut aliquam quaerat","show_vendors_widget":true,"vendors_widget_heading":"Product Vendors","show_types_widget":true,"types_widget_heading":"Product Types","show_allcollections_widget":true,"allcollections_heading":"Product Categories","show_widget_linklist1":false,"widget_linklist1":"","show_widget_linklist2":false,"widget_linklist2":"","blog_banner_heading":"Promotion","blog_banner_active":true,"collection_layout":"full","collection_banner":true,"collection_image":true,"collection_desc":true,"collection_sort":true,"collection_grid_list":true,"collection_pagination_limit":"9","product_layout":"full","color_swatch":true,"product_price_font_size":"16px","product_price_font_style":"normal","product_price_font_weight":"normal","product_price_colour":"#202020","product_compare_price_font_size":"14px","product_compare_price_font_style":"normal","product_compare_price_font_weight":"normal","product_compare_price_colour":"#232323","product_soldout_font_size":"14px","product_soldout_font_style":"italic","product_soldout_font_weight":"bold","product_soldout_colour":"#969696","enable_tabpanel":true,"display_mspecs":true,"mspecs_title":"Measurements &amp; Specs","display_custom_tab":true,"custom_tab_title":"Shipping & Returns","custom_tab_content":"<h5>Returns Policy<\/h5><p>You may return most new, unopened items within 30 days of delivery for a full refund. We'll also pay the return shipping costs if the return is a result of our error (you received an incorrect or defective item, etc.).You should expect to receive your refund within four weeks of giving your package to the return shipper, however, in many cases you will receive a refund more quickly. This time period includes the transit time for us to receive your return from the shipper (5 to 10 business days), the time it takes us to process your return once we receive it (3 to 5 business days), and the time it takes your bank to process our refund request (5 to 10 business days).If you need to return an item, simply login to your account, view the order using the 'Complete Orders' link under the My Account menu and click the Return Item(s) button. We'll notify you via e-mail of your refund once we've received and processed the returned item.<\/p><br\/><h5>Shipping<\/h5><p>We can ship to virtually any address in the world. Note that there are restrictions on some products, and some products cannot be shipped to international destinations.When you place an order, we will estimate shipping and delivery dates for you based on the availability of your items and the shipping options you choose. Depending on the shipping provider you choose, shipping date estimates may appear on the shipping quotes page.Please also note that the shipping rates for many items we sell are weight-based. The weight of any such item can be found on its detail page. To reflect the policies of the shipping companies we use, all weights will be rounded up to the next full pound.<\/p>","display_size_chart":true,"size_chart_title":"Size Charts","enable_rating_product":true,"use_saleoff":"saleoff_txt","saleoff_txt":"Sale","saleoff_colour":"#ffffff","saleoff_font_size":"18px","saleoff_bg":"#a07936","share_button":true,"add_code_share":"<script type=\"text\/javascript\" src=\"\/\/s7.addthis.com\/js\/300\/addthis_widget.js#pubid=ra-53e83cf8031cc4fa\"><\/script>\r\n<div class=\"addthis_sharing_toolbox\"><\/div>","show_wish_list":true,"prduct_detail_email":true,"prduct_detail_email_title":"SEND EMAIL","prduct_detail_email_address":"info@yourdomain.com","productspg_related_products":true,"productspg_featured_collection":"","productspg_featured_collection_heading":"You may also like the related products","productspg_featured_limit":"6","blog_text":"#202020","blog_link":"#a07936","blog_link_hover":"#a07936","blog_border_colour":"#d2d2d2","blog_pagination_limit":"2","blog_layout":"right","blog_sidebar_show":true,"blog_recent_show":true,"blog_recent_title":"Recent Articles","blog_recent_blog":"","blog_recent_number":"4","blog_tags_show":true,"blog_tags_title":"Tags","comment_bg":"#eeeeee","comment_pagination_limit":"3","contact_map_heading":"DROP US A LINE","contact_map":true,"contact_type":"ROADMAP","contact_zoom":"17","contact_address":"249 Ung Văn Khiêm, phường 25, Ho Chi Minh City, Vietnam","contact_scroll":false,"faq-text1-head":"What are the delivery charges for orders from the Online Shop?","faq-text1-cont":"Transform indicator overcome injustice pursue these aspirations natural resources. Maintain, social analysis Bloomberg; accelerate planned giving. Revitalize economic independence, foundation sharing economy, rights-based approach medical supplies eradicate celebrate informal economies. International medicine social worker participatory monitoring Bill and Melinda Gates our ambitions justice relief transform the world. Resolve emergency response accelerate progress, maximize collaborative cities lifting people up tackle frontline.  Transform indicator overcome injustice pursue these aspirations natural resources. Maintain, social analysis Bloomberg; accelerate planned giving. Revitalize economic independence, foundation sharing economy, rights-based approach medical supplies eradicate celebrate informal economies. International medicine social worker participatory monitoring Bill and Melinda Gates our ambitions justice relief transform the world. Resolve emergency response accelerate progress, maximize collaborative cities lifting people up tackle frontline.","faq-text2-head":"Which payment methods are accepted in the Online Shop?","faq-text2-cont":"Transform indicator overcome injustice pursue these aspirations natural resources. Maintain, social analysis Bloomberg; accelerate planned giving. Revitalize economic independence, foundation sharing economy, rights-based approach medical supplies eradicate celebrate informal economies. International medicine social worker participatory monitoring Bill and Melinda Gates our ambitions justice relief transform the world. Resolve emergency response accelerate progress, maximize collaborative cities lifting people up tackle frontline.  Transform indicator overcome injustice pursue these aspirations natural resources. Maintain, social analysis Bloomberg; accelerate planned giving. Revitalize economic independence, foundation sharing economy, rights-based approach medical supplies eradicate celebrate informal economies. International medicine social worker participatory monitoring Bill and Melinda Gates our ambitions justice relief transform the world. Resolve emergency response accelerate progress, maximize collaborative cities lifting people up tackle frontline.","faq-text3-head":"How long will delivery take?","faq-text3-cont":"Transform indicator overcome injustice pursue these aspirations natural resources. Maintain, social analysis Bloomberg; accelerate planned giving. Revitalize economic independence, foundation sharing economy, rights-based approach medical supplies eradicate celebrate informal economies. International medicine social worker participatory monitoring Bill and Melinda Gates our ambitions justice relief transform the world. Resolve emergency response accelerate progress, maximize collaborative cities lifting people up tackle frontline.  Transform indicator overcome injustice pursue these aspirations natural resources. Maintain, social analysis Bloomberg; accelerate planned giving. Revitalize economic independence, foundation sharing economy, rights-based approach medical supplies eradicate celebrate informal economies. International medicine social worker participatory monitoring Bill and Melinda Gates our ambitions justice relief transform the world. Resolve emergency response accelerate progress, maximize collaborative cities lifting people up tackle frontline.","faq-text4-head":"How secure is shopping in the Online Shop? Is my data protected?","faq-text4-cont":"Transform indicator overcome injustice pursue these aspirations natural resources. Maintain, social analysis Bloomberg; accelerate planned giving. Revitalize economic independence, foundation sharing economy, rights-based approach medical supplies eradicate celebrate informal economies. International medicine social worker participatory monitoring Bill and Melinda Gates our ambitions justice relief transform the world. Resolve emergency response accelerate progress, maximize collaborative cities lifting people up tackle frontline.  Transform indicator overcome injustice pursue these aspirations natural resources. Maintain, social analysis Bloomberg; accelerate planned giving. Revitalize economic independence, foundation sharing economy, rights-based approach medical supplies eradicate celebrate informal economies. International medicine social worker participatory monitoring Bill and Melinda Gates our ambitions justice relief transform the world. Resolve emergency response accelerate progress, maximize collaborative cities lifting people up tackle frontline.","faq-text5-head":"What exactly happens after ordering?","faq-text5-cont":"Transform indicator overcome injustice pursue these aspirations natural resources. Maintain, social analysis Bloomberg; accelerate planned giving. Revitalize economic independence, foundation sharing economy, rights-based approach medical supplies eradicate celebrate informal economies. International medicine social worker participatory monitoring Bill and Melinda Gates our ambitions justice relief transform the world. Resolve emergency response accelerate progress, maximize collaborative cities lifting people up tackle frontline.  Transform indicator overcome injustice pursue these aspirations natural resources. Maintain, social analysis Bloomberg; accelerate planned giving. Revitalize economic independence, foundation sharing economy, rights-based approach medical supplies eradicate celebrate informal economies. International medicine social worker participatory monitoring Bill and Melinda Gates our ambitions justice relief transform the world. Resolve emergency response accelerate progress, maximize collaborative cities lifting people up tackle frontline.","faq-text6-head":"Do I receive an invoice for my order?","faq-text6-cont":"Transform indicator overcome injustice pursue these aspirations natural resources. Maintain, social analysis Bloomberg; accelerate planned giving. Revitalize economic independence, foundation sharing economy, rights-based approach medical supplies eradicate celebrate informal economies. International medicine social worker participatory monitoring Bill and Melinda Gates our ambitions justice relief transform the world. Resolve emergency response accelerate progress, maximize collaborative cities lifting people up tackle frontline.  Transform indicator overcome injustice pursue these aspirations natural resources. Maintain, social analysis Bloomberg; accelerate planned giving. Revitalize economic independence, foundation sharing economy, rights-based approach medical supplies eradicate celebrate informal economies. International medicine social worker participatory monitoring Bill and Melinda Gates our ambitions justice relief transform the world. Resolve emergency response accelerate progress, maximize collaborative cities lifting people up tackle frontline.","allow_add_note":true,"shipping_calculator":"Disabled","shipping_calculator_heading":"Get shipping estimates","shipping_calculator_default_country":"United States","shipping_calculator_submit_button_label":"Calculate shipping","shipping_calculator_submit_button_label_disabled":"Calculating...","totop_show":false,"totop_label":"Top","sticky_show":true,"checkout_header_image":"","checkout_use_storefront_logo":false,"checkout_logo_image":"","checkout_logo_position":"left","checkout_logo_size":"medium","checkout_body_background_image":"","checkout_body_background_color":"#fff","checkout_input_background_color_mode":"white","checkout_sidebar_background_image":"","checkout_sidebar_background_color":"#fafafa","checkout_heading_font":"Helvetica Neue","checkout_body_font":"Helvetica Neue","checkout_accent_color":"#2a9dcc","checkout_button_color":"#2a9dcc","checkout_error_color":"#ff6d6d","checkout_use_header_image":false,"checkout_logo":"","checkout_use_body_background_image":false,"checkout_use_sidebar_background_image":false,"show_storeinfo":true,"storeinfo_desc":"Welcome to Uptown Jean Shopify Store","storeinfo_content":"<div class=\"left\">\r\n            <h5><i class=\"fa fa-home\"><\/i> Address<\/h5>\r\n            <p>The Business Centre<br\/>\r\n            61 Wellfield Road<br\/>\r\n            Roath<br\/>\r\n\t\t\tCardiff<br\/>\r\n\t\t\tCF24 3DG<\/p>\r\n          <\/div>\r\n          <div class=\"right\">\r\n            <h5 class=\"phone\"><i class=\"fa fa-phone\"><\/i> Phone<\/h5>\r\n            <p>01 123 456 789<\/p>\r\n            <h5 class=\"email\"><i class=\"fa fa-envelope\"><\/i> Email<\/h5>\r\n            <p>contact@uptownjeans.com<\/p>\r\n          <\/div>","show_contact":true,"contact_desc":"Do not hesitate to contact us","home_promotion_show":"1","home_promotion_show_1":"1","home_promotion_link_1":"\/collections","home_promotion_show_2":"0","home_promotion_link_2":"\/collections","home_promotion_show_3":"0","home_promotion_link_3":"\/collections","home_promotion_heading":"Promotion","slide-mini-caption-1":"World Jewerly","slide-mini-caption-colour-1":"#010101","slide-mini-caption-2":"Love’s embrace","slide-mini-caption-colour-2":"#010101","slide-mini-caption-3":"","slide-mini-caption-colour-3":"#202020","slide-mini-caption-4":"","slide-mini-caption-colour-4":"#000000","slide-mini-caption-5":"sale off 50%","slide-mini-caption-colour-5":"#000000","top_info_caption2":"Shoe street style leather tote oversized sweatshirt A.P.C. Prada Saffiano crop slipper denim shorts spearmint.","top_info_link2":"\/collections","top_info_caption3":"Sed ut perspiciatis unde omnis iste natus error sit voluptatem accusantium enim ut fringilla. Quisque eu lacus enim.","top_info_link3":"\/collections","top_info_caption4":"Tee loafer knot ponytail sandal shoe oversized sweatshirt Maison Martin Margiela chunky sole spearmint.","top_info_link4":"\/collections","top_info_caption5":"Lanvin flats seam cotton minimal Saint Laurent midi Céline la marinière.","top_info_link5":"\/collections","checkout_banner_background_color":"#ffffff","checkout_headline":"","checkout_call_to_action_color":"#8fc243","blog_post_layout":"right","customer_layout":"theme","top_info_caption":"Brace yourself, up-to-70 sale season is coming!","top_info_link":"\/collections","mailing_bg":"#ffffff","show_footer_link_list_5":"true","footer_linklist_heading_5":"Socialize","footer_linklist_5":"footer-ll-5","show_footer_link_list_6":"true","footer_linklist_heading_6":"Blog","footer_linklist_6":"footer-ll-6","megamenu_items":"Shop","megamenu_items_min_height":"310","mega_column":"4","megamenu_items_3":"","megamenu_items_min_height_3":"","mega_linklist_13":"","mega_linklist_14":"","display_product_detail":"true","collection_tags":"true","collection_grid_list_default":"grid","sidebar_heading_size":"18px","show_footer_recent_blog":"1","footer_recent_blog_heading":"Recent Blog","footer_blog_recent_blog":"blogs","show_multiple_currencies":"1","currency_format":"money_format","supported_currencies":"USD EUR GBP","default_currency":"EUR","currency_heading":"Currency","currency_style":"dropdown","nav_linklist_right":"","b_links_decoration":"none","b_links_decoration_hover":"none","show_slideshow_dots":"false","slideshow_placement":"full-width","use_color_swatch":"true","display_product_review":"true","product_border1_colour":"#dfdfdf","product_background1_colour":"#ffffff","enable_product_image_zoom":"1","social_icons_size":"24px","carousel_bg":"#ffffff","carousel_colour":"#bfbfbf","carousel_hover_bg":"#ffffff","carousel_hover_colour":"#000000","main_image_display":"both","contact_height":"370","sidebar_panner_show":"true","sidebar_panner_link":"\/collections","show_footer_rececnt_blog":"true","footer_rececnt_blog_heading":"Recent Blog","btn_btn2_font_size":"14px","btn_btn3_bg":"#5bd2ec","btn_btn3_txt":"#ffffff","btn_btn3_border":"#5bd2ec","btn_btn3_bg_hover":"#000000","btn_btn3_txt_hover":"#ffffff","btn_btn3_border_hover":"#000000","btn_btn3_font_size":"22px","btn_btn4_bg":"#ffffff","btn_btn4_txt":"#000000","btn_btn4_border":"#ffffff","btn_btn4_bg_hover":"#ffffff","btn_btn4_txt_hover":"#cf2411","btn_btn4_border_hover":"#ffffff","btn_btn4_font_size":"14px","nav_font_size":"16px","show_page_home":"true","show_page_home_heading":"Online Boutique for Men &amp; Women","page_home":"welcome","show_image_below_carousel":"true","show_image_below_carousel_1":"true","text_image_below_carousel_1":"Shop all sale","link_image_below_carousel_1":"\/collection","show_image_below_carousel_2":"true","text_image_below_carousel_2":"","link_image_below_carousel_2":"","show_image_below_carousel_3":"true","text_image_below_carousel_3":"","link_image_below_carousel_3":"","show_footer_about_store":"true","footer_about_store_heading":"About Store","footer_about_store_title":"Welcome to the","footer_about_store_title_1":"Boutiques","content_footer_about_store":"Lorem ipsum dolor sit amet, conseetur adig elit. Vestibulum lobotis interdum nisl, eulada neque tempor non faucibus cursus purus.","partners_logo_show_11":"true","partners_link_11":"#","partners_logo_show_12":"true","partners_link_12":"#","twitterwidget_visible":"true","twitterwidget_bg":"#f5f7f9","twitterwidget_title":"Latest Tweets","twitterwidget_username":"EMThemes","twitterwidget_id":"354091846672211968","twitterwidget_numtweets":"1","twitterwidget_link_colour":"#af191b","footer_middle_bg":"#252525","show_footer_sbc":"true","footer_sbc_heading":"Shop by Categories","footer_store_location":"true","footer_location_heading":"Store Location &amp; Opening Hours","footer_location_address":"1234 Fake address name Fake city name  Country 01234","footer_location_phone":"(000) 123 456 7890","footer_location_mail":"info@yourdomain.com","payment_text":"We accept the following credit \/ debit cards:","show_footer_link_list":"true","footer_linklist":"footer","footer_link_list_bg":"#000000","support_text":"Free shipping on orders of $150 + and free returns","cart_icon_colour":"#818180","cart_icon_size":"16px","nav_bg":"#000000","dropdown_colour_hover":"#b0171f","product_item_effect":"rotation","like_facebook":"false","like_twitter":"false","like_googleplus":"false","like_pinterest":"false","share_facebook":"false","share_twitter":"false","share_pinterest":"false","share_email":"false","share_print":"false","share_all":"true","main_color":"#cf132c","text_image_above_tabs_1":"Shop new collection","link_image_above_tabs_1":"\/collections","link_image_above_tabs_2":"\/collections","home_tab_number_item":"12","section_title_color":"#e6e6e8","section_title_color_hover":"#e6e6e8","section_1_title":"Feature Products","section_2_title":"Best Sellers","section_3_title":"Deal of The Day","text_image_below_tabs_1":"Shop new collection","link_image_below_tabs_1":"\/collections","link_image_below_tabs_2":"<iframe width=\"560\" height=\"315\" src=\"\/\/www.youtube.com\/embed\/iwvq1687gi8\" frameborder=\"0\" allowfullscreen><\/iframe>","section_1_collection":"accessories","section_2_collection":"coats-for-men","section_3_collection":"coats-for-women","show_image_above_tabs_1":"true","show_image_above_tabs_2":"true","home_tab_show":"true","section_1_show":"true","section_2_show":"true","section_3_show":"true","show_image_below_tabs_1":"true","show_image_below_tabs_2":"true","footer_bg":"#1e1b1a","mailing_icon_colour":"#000000","mailing_icon_bg":"#000000","footer_image_heading_1":"ivamus","footer_image_link_1":"\/collections","footer_image_2":"#367fa4","footer_text_2":"#ffffff","footer_image_heading_2":"About Store","footer_image_link_2":"\/collections","footer_image_content_1":"Aenean rutrum et leo non vestibulum. Sed eget nisl metus eros urna fermentum porttitor dolor. Mauris eget consequat orci ante ipsum primis in faucibus ultrices posuere cubilia urae aliquam elementum sapien blandit feugiat tellus lacus","footer_image_content_2":"Aenean rutrum et leo non vestibulum metus eros urna fermentum porttitor dolor eget consequat ipsum primis in faucibus luctus ultrices posuere cubilia urae aliquam elementum sapien blandit feugiat tellus consequat tincidunt gravida enim urna imperdiet non","footer_bg_placement":"within-container","show_footer_image_1":"true","show_footer_image_2":"true","footer_about_us_heading":"Pellentesque habitant ristique","content_footer_about_us":"Quisque rutrum diam quis enim rhoncus iaculis. Morbi iaculis volutpat lectus vitae scelerisque. Nulla eget urna nunc. Suspendisse vitae dui tempor, consequat justo id, varius urna. Maecenas mattis blandit ipsum, sit amet euismod erat luctus eu. Donec eget tempor est. Nulla convallis aliquet pretium. Nullam commodo tempus consequat. Interdum et malesuada fames ac ante ipsum","show_footer_about_us":"true","show_footer_linklist_2":"true","show_footer_linklist_3":"true","show_footer_linklist_4":"true","show_footer_linklist_5":"true","show_footer_linklist_6":"true","text-bg-block-shoes":"Shoes","text-bg-block-shoes-color":"#ffffff","text-bg-block-shoes-size":"160px","block-shoes-collection":"shoes","show_block_shoes":"true","social_icons_heading":"Let's Be Friends","share_wish_list_text":"Share my wish list via email","share_wish_list":"true","nav_font":"'Open Sans', sans-serif","text_image_above_tabs_2":"","featured_collections_home_heading":"Featured Categories","featured_collections_home":"true","featured_section_heading_2":"New Products","featured_section_number_2":"8","featured_section_collection_2":"praesent-consequat-lorem-lacus-1","featured_section_show_2":"true","featured_section_heading_1":"New Products","featured_section_number_1":"6","featured_section_collection_1":"praesent-consequat-lorem-lacus-1","featured_section_show_1":"true","home_banner_link_1":"\/collections\/all","home_banner_link_2":"\/collections\/all","home_banner_link_3":"\/collections\/all","home_banner_link_4":"\/collections\/all","home_banner_beside_use":"true","home_banner_show_1":"true","home_banner_show_2":"true","home_banner_show_3":"true","home_banner_show_4":"true","bottom_block_heading_1":"Free Shipping on orders over $100","bottom_block_caption_1":"Nam eu dui elementum felis dictum cursus done convallis tristique rutrum vitae","bottom_block_heading_2":"Call us tall free 1800 - 800 - Fabriluer","bottom_block_caption_2":"Nam eu dui elementum felis dictum cursus done convallis tristique rutrum vitae","bottom_block_use":"true","bottom_block_show_1":"true","bottom_block_show_2":"true","footer_linklist1_heading":"Menu","footer_linklist2_heading":"Information","footer_linklist1":"link-list-1","footer_linklist2":"link-list-2","footer_linklist3":"link-list-3","show_footer_linklist1":"true","show_footer_linklist2":"true","show_footer_linklist3":"true","slide-call-to-action-1":"Shop Now","slide-call-to-action-bg-1":"#fd4848","slide-caption-colour-des-1":"#000000","slide-call-to-action-2":"View Now &gt","slide-call-to-action-bg-2":"","slide-caption-colour-des-2":"#000000","slide-call-to-action-3":"","slide-call-to-action-bg-3":"#000000","slide-caption-colour-des-3":"#ffffff","slide-call-to-action-4":"","slide-call-to-action-bg-4":"#000000","slide-caption-colour-des-4":"#ffffff","slide-call-to-action-5":"","slide-call-to-action-bg-5":"#000000","slide-caption-colour-des-5":"#ffffff","slide-caption-des-1":"","slide-caption-des-2":"Pellentesque habitant morbi tristique senectus et netus et malesuada fames ac turpis egestas. Aliquam erat volutpat donec\r\nmollis dolor cras non nisl vel lorem varius aliquam","slide-caption-des-3":"","slide-caption-des-4":"","slide-caption-des-5":"","slide-caption-animation-des-1":"moveFromBottom","slide-caption-animation-des-2":"moveFromBottom","slide-caption-animation-des-3":"moveFromRight","slide-caption-animation-des-4":"moveFromLeft","slide-caption-animation-des-5":"moveFromLeft","logo_hover_colour":"#367fa4","top_txt_colour":"#666666","top_link_colour":"#666666","top_link_colour_hover":"#fd4949","top_txt_size":"11px","slideshow_dots_colour":"#b7b7b7","slideshow_dots_hover_colour":"#434648","social_icons_colour":"#ff0000","social_icons_hover_colour":"#ff0000","top_bg_colour":"#fe4b4b","footer_linklist4_heading":"","footer_linklist4":"footer","show_footer_linklist4":"true","home_banner_heading":"today's promotions","home_banner_heading_colour":"#ffffff","home_banner_action_link":"\/collections\/all","home_banner_link_5":"\/collections\/all","home_banner_link_6":"#","home_banner_link_7":"#","home_banner_link_8":"#","home_banner_link_9":"#","home_banner_link_10":"#","ads_home_heading":"Fusce fashion","ads_home_heading_size":"67","ads_home_heading_color":"#ffffff","ads_home_caption":"Praesent egestas","ads_home_caption_size":"67","ads_home_caption_color":"#ffffff","ads_home_action":"Shop online","ads_home_action_link":"\/collections","ads_home_action_size":"23","ads_home_action_color":"#000000","ads_home_action_bg":"#ffffff","home_banner_heading_size":"18px","home_banner_use":"true","home_banner_show_5":"true","home_banner_show_6":"false","home_banner_show_7":"false","home_banner_show_8":"false","home_banner_show_9":"false","home_banner_show_10":"false","show_ads_home":"true","featured_section_heading_3":"Most Popular","featured_section_number_3":"10","featured_section_collection_3":"","featured_section_show_3":"false","blog_panner1_title":"","blog_panner1_link":"\/collections\/all","blog_panner2_title":"","blog_panner2_link":"\/collections\/all","blog_panner1_show":"true","blog_panner2_show":"true","productspg_related_products_heading":"Related item","top_message_1_title":"Free shipping to over 100 countries +","top_message_1_link":"\/collections\/all","top_message_2_title":"Save: up to 50% off women \/ men","top_message_2_link":"\/collections\/all","show_top_message_1":"true","show_top_message_2":"true","3_sections_home_heading_colour":"#505050","3_sections_home_text_colour":"#000000","section1_heading":"","section1_text":"","section2_heading":"","section2_text":"","3_sections_home_heading_size":"14px","3_sections_home_heading_style":"normal","3_sections_home_text_size":"18px","3_sections_home_text_style":"bold","section1_use":"both","section2_use":"both","show_3_sections_home":"true","bottom_shipping_heading":"Free shipping all over $695","bottom_shipping_action_txt":"View details","bottom_shipping_action_link":"#","bottom_contact_heading":"About Estmeque’s","bottom_contact_action1_title":"Visit store","bottom_contact_action1_link":"\/","bottom_contact_action2_title":"Contact","bottom_contact_action2_link":"\/pages\/contact-us","bottom_contact_intro":"Pellentesque a lobortis ligula. Phasellus aliquam, orci et congue bibendum, elit orci facilisis turpis, vitae suscipit nisi  mattis nec quam a ultricies. Sed vitae lacinia nequejusto aliquam lacus, eget bibendum lectus  neque a enim massa loreser","bottom_contact_address":"No.123 fake, Green house, Heaven Ward, Gosh City","bottom_contact_email":"emthemesvn@gmail.com","bottom_contact_phone":"010 123 789 345","bottom_contact_fax":"010 234 890 734","bottom_contact_website":"","bottom_shipping_show":"true","bottom_contact_show":"true","sidebar_panner1_title":"","sidebar_panner1_link":"\/collections\/all","sidebar_panner2_title":"","sidebar_panner2_link":"\/collections\/all","sidebar_panner1_show":"true","sidebar_panner2_show":"true","flickr_heading":"Flickr","flickr_id":"78156602@N03","flickr_limit":"6","flickr_border":"#ffffff","flickr_border_hover":"#000000","footer_linklist3_heading":"Customer Service","social_icons_flickr_link":"#","show_sidebar_placement":"right","flickr_show":"true","social_icons_flickr_show":"false","show_footer_secure":"false","sidebar_heading_bg":"#ffffff","latest_news_heading":"Estneque fashions BLog","latest_news_number":"2","footer_tags_heading":"Popular Tags","footer_tags_limit":"10","footer_tags_color_hover":"#ffffff","footer_tags_bg_hover":"#000000","footer_tags_collection":"all","latest_news_show":"true","footer_tags_show":"true","show_skrill":"true","left_bg_action_txt":"Collections","left_bg_action_link":"\/collections","right_bg_action_txt":"Collections","right_bg_action_link":"\/collections","left_bg_action_position":"none","right_bg_action_position":"bottom","left_bg_use":"true","right_bg_use":"true","slideshow_navs_colour":"#ffffff","carousel_dots_colour":"#333333","carousel_dots_active_colour":"#ffffff","show_carousel":"true","carousel_auto":"true","show_carousel_dots":"false","carousel_placement":"full-width","footer_heading_colour":"#2d2e30","footer_link_miscellaneous":"#000000","footer_heading_size":"12px","footer_heading_style":"bold","footer_heading_weight":"normal","sidebar_link_size":"12px","sidebar_link_hover_size":"12px","mobile_hover_colour":"#808080","nav_link_bg":"#cd2122","sale_text_color":"#808080","comment_text_colour":"#AFAFAF","comment_author_colour":"#FCF3C1","comment_date_colour":"#3A3D3F","search_pagination_limit":"6","qs_colour":"#202020","qs_bg":"#FFFFFF","qs_border":"#e5e5e5","qs_colour_hover":"#a2a2a2","qs_bg_hover":"#000000","qs_border_hover":"#a2a2a2","dropdown_hover_colour":"#202020","mailing_list_type":"mailchimp","footer_link_hover_colour":"#000000","footer_link_hover_size":"14px","footer_link_hover_style":"normal","mailing_list_title":"Newsletter","b_links_hover_colour":"#005580","header_link_hover_colour":"#000000","b_links_hover_size":"12px","b_links_hover_style":"bold","header_link_hover_size":"12px","header_link_hover_style":"normal","latest_news_post":"blog","__LIQUID__.b_states_alerts_error_bg":"#f2dede","__LIQUID__.b_states_alerts_error_txt":"#b94a48","__LIQUID__.footer_bg":"#ffffff","share_prod_on_facebook":true,"share_prod_on_twitter":true,"share_prod_on_googleplus":true,"share_prod_on_pinterest":true,"content_for_index":[]}}