[{"name":"Welcome","settings":[{"type":"paragraph","content":"Documentation: [http:\/\/designshopify.com\/manual\/uptown](http:\/\/designshopify.com\/manual\/uptown)"}]},{"name":"Bootstrap","settings":[{"type":"header","content":"Scaffolding"},{"type":"color","id":"b_scaffolding_bg","label":"body Background","default":"#FFFFFF"},{"type":"color","id":"bkg-color","label":"Content Background colour","default":"#f7f7f7"},{"type":"color","id":"b_scaffolding_color","label":"text Color","default":"#333333"},{"type":"header","content":"Links"},{"type":"color","id":"b_links_colour","label":"link Colour","default":"#0088cc"},{"type":"color","id":"b_links_colour_hover","label":"link Colour Hover","default":"#005580"},{"type":"header","content":"Heading"},{"type":"select","id":"b_h1_size","label":"heading 1","options":[{"value":"12px","label":"12px","group":"Font Size"},{"value":"13px","label":"13px","group":"Font Size"},{"value":"14px","label":"14px","group":"Font Size"},{"value":"15px","label":"15px","group":"Font Size"},{"value":"16px","label":"16px","group":"Font Size"},{"value":"18px","label":"18px","group":"Font Size"},{"value":"20px","label":"20px","group":"Font Size"},{"value":"22px","label":"22px","group":"Font Size"},{"value":"24px","label":"24px","group":"Font Size"},{"value":"26px","label":"26px","group":"Font Size"},{"value":"28px","label":"28px","group":"Font Size"},{"value":"30px","label":"30px","group":"Font Size"},{"value":"32px","label":"32px","group":"Font Size"},{"value":"35px","label":"35px","group":"Font Size"}],"default":"22px"},{"type":"select","id":"b_h1_weight","label":"Font Weight","options":[{"value":"normal","label":"normal","group":"Font Weight"},{"value":"bold","label":"bold","group":"Font Weight"}],"default":"normal"},{"type":"color","id":"b_h1_colour","default":"#000000"},{"type":"select","id":"b_h2_size","label":"heading 2","options":[{"value":"12px","label":"12px","group":"Font Size"},{"value":"13px","label":"13px","group":"Font Size"},{"value":"14px","label":"14px","group":"Font Size"},{"value":"15px","label":"15px","group":"Font Size"},{"value":"16px","label":"16px","group":"Font Size"},{"value":"18px","label":"18px","group":"Font Size"},{"value":"20px","label":"20px","group":"Font Size"},{"value":"22px","label":"22px","group":"Font Size"},{"value":"24px","label":"24px","group":"Font Size"},{"value":"26px","label":"26px","group":"Font Size"},{"value":"28px","label":"28px","group":"Font Size"},{"value":"30px","label":"30px","group":"Font Size"},{"value":"32px","label":"32px","group":"Font Size"},{"value":"35px","label":"35px","group":"Font Size"}],"default":"20px"},{"type":"select","id":"b_h2_weight","label":"Font Weight","options":[{"value":"normal","label":"normal","group":"Font Weight"},{"value":"bold","label":"bold","group":"Font Weight"}],"default":"normal"},{"type":"color","id":"b_h2_colour","default":"#000000"},{"type":"select","id":"b_h3_size","label":"heading 3","options":[{"value":"12px","label":"12px","group":"Font Size"},{"value":"13px","label":"13px","group":"Font Size"},{"value":"14px","label":"14px","group":"Font Size"},{"value":"15px","label":"15px","group":"Font Size"},{"value":"16px","label":"16px","group":"Font Size"},{"value":"18px","label":"18px","group":"Font Size"},{"value":"20px","label":"20px","group":"Font Size"},{"value":"22px","label":"22px","group":"Font Size"},{"value":"24px","label":"24px","group":"Font Size"},{"value":"26px","label":"26px","group":"Font Size"},{"value":"28px","label":"28px","group":"Font Size"},{"value":"30px","label":"30px","group":"Font Size"},{"value":"32px","label":"32px","group":"Font Size"},{"value":"35px","label":"35px","group":"Font Size"}],"default":"18px"},{"type":"select","id":"b_h3_weight","label":"Font Weight","options":[{"value":"normal","label":"normal","group":"Font Weight"},{"value":"bold","label":"bold","group":"Font Weight"}],"default":"normal"},{"type":"color","id":"b_h3_colour","default":"#000000"},{"type":"select","id":"b_h4_size","label":"heading 4","options":[{"value":"12px","label":"12px","group":"Font Size"},{"value":"13px","label":"13px","group":"Font Size"},{"value":"14px","label":"14px","group":"Font Size"},{"value":"15px","label":"15px","group":"Font Size"},{"value":"16px","label":"16px","group":"Font Size"},{"value":"18px","label":"18px","group":"Font Size"},{"value":"20px","label":"20px","group":"Font Size"},{"value":"22px","label":"22px","group":"Font Size"},{"value":"24px","label":"24px","group":"Font Size"},{"value":"26px","label":"26px","group":"Font Size"},{"value":"28px","label":"28px","group":"Font Size"},{"value":"30px","label":"30px","group":"Font Size"},{"value":"32px","label":"32px","group":"Font Size"},{"value":"35px","label":"35px","group":"Font Size"}],"default":"16px"},{"type":"select","id":"b_h4_weight","label":"Font Weight","options":[{"value":"normal","label":"normal","group":"Font Weight"},{"value":"bold","label":"bold","group":"Font Weight"}],"default":"normal"},{"type":"color","id":"b_h4_colour","default":"#000000"},{"type":"select","id":"b_h5_size","label":"heading 5","options":[{"value":"12px","label":"12px","group":"Font Size"},{"value":"13px","label":"13px","group":"Font Size"},{"value":"14px","label":"14px","group":"Font Size"},{"value":"15px","label":"15px","group":"Font Size"},{"value":"16px","label":"16px","group":"Font Size"},{"value":"18px","label":"18px","group":"Font Size"},{"value":"20px","label":"20px","group":"Font Size"},{"value":"22px","label":"22px","group":"Font Size"},{"value":"24px","label":"24px","group":"Font Size"},{"value":"26px","label":"26px","group":"Font Size"},{"value":"28px","label":"28px","group":"Font Size"},{"value":"30px","label":"30px","group":"Font Size"},{"value":"32px","label":"32px","group":"Font Size"},{"value":"35px","label":"35px","group":"Font Size"}],"default":"14px"},{"type":"select","id":"b_h5_weight","label":"Font Weight","options":[{"value":"normal","label":"normal","group":"Font Weight"},{"value":"bold","label":"bold","group":"Font Weight"}],"default":"normal"},{"type":"color","id":"b_h5_colour","default":"#000000"},{"type":"select","id":"b_h6_size","label":"heading 6","options":[{"value":"12px","label":"12px","group":"Font Size"},{"value":"13px","label":"13px","group":"Font Size"},{"value":"14px","label":"14px","group":"Font Size"},{"value":"15px","label":"15px","group":"Font Size"},{"value":"16px","label":"16px","group":"Font Size"},{"value":"18px","label":"18px","group":"Font Size"},{"value":"20px","label":"20px","group":"Font Size"},{"value":"22px","label":"22px","group":"Font Size"},{"value":"24px","label":"24px","group":"Font Size"},{"value":"26px","label":"26px","group":"Font Size"},{"value":"28px","label":"28px","group":"Font Size"},{"value":"30px","label":"30px","group":"Font Size"},{"value":"32px","label":"32px","group":"Font Size"},{"value":"35px","label":"35px","group":"Font Size"}],"default":"13px"},{"type":"select","id":"b_h6_weight","label":"Font Weight","options":[{"value":"normal","label":"normal","group":"Font Weight"},{"value":"bold","label":"bold","group":"Font Weight"}],"default":"normal"},{"type":"color","id":"b_h6_colour","default":"#000000"},{"type":"header","content":"Tables"},{"type":"color","id":"b_tables_bg","label":"table Background","default":"#FFFFFF"},{"type":"color","id":"b_tables_bg_accent","label":"table Background Accent","default":"#f9f9f9"},{"type":"color","id":"b_tables_bg_hover","label":"table Background Hover","default":"#f5f5f5"},{"type":"color","id":"b_tables_border","label":"table Border","default":"#dddddd"},{"type":"color","id":"b_tables_head_colour","label":"table Head Colour","default":"#000000"},{"type":"header","content":"Forms"},{"type":"color","id":"b_forms_phd_txt","label":"placeholder Text","default":"#999999"},{"type":"color","id":"b_forms_input_bg","label":"input Background","default":"#FFFFFF"},{"type":"color","id":"b_forms_input_border","label":"input Border","default":"#cccccc"},{"type":"color","id":"b_forms_input_border_accent","label":"input Border Accent","default":"#818080"},{"type":"color","id":"b_forms_input_disabled_bg","label":"input Disabled Background","default":"#eeeeee"},{"type":"color","id":"b_forms_actions_bg","label":"form Actions Background","default":"#f5f5f5"},{"type":"header","content":"Form states & alerts"},{"type":"color","id":"b_states_alerts_error_txt","label":"error Text","default":"#b94a48"},{"type":"color","id":"b_states_alerts_error_bg","label":"error Background","default":"#f2dede"},{"type":"color","id":"b_states_alerts_success_txt","label":"success Text","default":"#468847"},{"type":"color","id":"b_states_alerts_success_bg","label":"success Background","default":"#dff0d8"},{"type":"header","content":"Buttons"},{"type":"paragraph","content":"-"},{"type":"paragraph","content":"Button Normal"},{"type":"paragraph","content":":(Ex: Checkout, Login, Update Quantity ...)"},{"type":"color","id":"btn_btn_bg","label":"button Background","default":"#f5f5f5"},{"type":"color","id":"btn_btn_txt","label":"button Text","default":"#333333"},{"type":"color","id":"btn_btn_border","label":"button Border","default":"#e6e6e6"},{"type":"color","id":"btn_btn_bg_hover","label":"button Background on hover","default":"#459293"},{"type":"color","id":"btn_btn_txt_hover","label":"button Text on hover","default":"#ffffff"},{"type":"color","id":"btn_btn_border_hover","label":"button Border on hover","default":"#459293"},{"type":"select","id":"btn_btn_font_size","label":"button Font size","options":[{"value":"10px","label":"10px","group":"Font Size"},{"value":"11px","label":"11px","group":"Font Size"},{"value":"12px","label":"12px","group":"Font Size"},{"value":"13px","label":"13px","group":"Font Size"},{"value":"14px","label":"14px","group":"Font Size"},{"value":"16px","label":"16px","group":"Font Size"},{"value":"18px","label":"18px","group":"Font Size"},{"value":"20px","label":"20px","group":"Font Size"},{"value":"24px","label":"24px","group":"Font Size"},{"value":"30px","label":"30px","group":"Font Size"}],"default":"12px"},{"type":"paragraph","content":"-"},{"type":"paragraph","content":"Button 1"},{"type":"paragraph","content":"(Ex: Add To Cart)"},{"type":"color","id":"btn_btn1_bg","label":"button Background","default":"#f5f5f5"},{"type":"color","id":"btn_btn1_txt","label":"button Text","default":"#333333"},{"type":"color","id":"btn_btn1_border","label":"button Border","default":"#e6e6e6"},{"type":"color","id":"btn_btn1_bg_hover","label":"button Background on hover","default":"#459293"},{"type":"color","id":"btn_btn1_txt_hover","label":"button Text on hover","default":"#ffffff"},{"type":"color","id":"btn_btn1_border_hover","label":"button Border on hover","default":"#459293"},{"type":"select","id":"btn_btn1_font_size","label":"button Font size","options":[{"value":"10px","label":"10px","group":"Font Size"},{"value":"11px","label":"11px","group":"Font Size"},{"value":"12px","label":"12px","group":"Font Size"},{"value":"13px","label":"13px","group":"Font Size"},{"value":"14px","label":"14px","group":"Font Size"},{"value":"16px","label":"16px","group":"Font Size"},{"value":"18px","label":"18px","group":"Font Size"},{"value":"20px","label":"20px","group":"Font Size"},{"value":"24px","label":"24px","group":"Font Size"},{"value":"30px","label":"30px","group":"Font Size"}],"default":"12px"},{"type":"paragraph","content":"-"},{"type":"paragraph","content":"Button 2"},{"type":"color","id":"btn_btn2_bg","label":"button Background","default":"#f5f5f5"},{"type":"color","id":"btn_btn2_txt","label":"button Text","default":"#333333"},{"type":"color","id":"btn_btn2_border","label":"button Border","default":"#e6e6e6"},{"type":"color","id":"btn_btn2_bg_hover","label":"button Background on hover","default":"#459293"},{"type":"color","id":"btn_btn2_txt_hover","label":"button Text on hover","default":"#ffffff"},{"type":"color","id":"btn_btn2_border_hover","label":"button Border on hover","default":"#459293"},{"type":"header","content":"Tooltip"},{"type":"color","id":"b_tooltip_colour","label":"tooltip Text colour","default":"#FFFFFF"},{"type":"color","id":"b_tooltip_bg","label":"tooltip Background colour","default":"#000000"},{"type":"select","id":"b_tooltip_font_size","label":"tooltip Font size","options":[{"value":"7px","label":"7px","group":"Font Size"},{"value":"8px","label":"8px","group":"Font Size"},{"value":"9px","label":"9px","group":"Font Size"},{"value":"10px","label":"10px","group":"Font Size"},{"value":"11px","label":"11px","group":"Font Size"},{"value":"12px","label":"12px","group":"Font Size"},{"value":"13px","label":"13px","group":"Font Size"},{"value":"14px","label":"14px","group":"Font Size"},{"value":"16px","label":"16px","group":"Font Size"},{"value":"18px","label":"18px","group":"Font Size"},{"value":"20px","label":"20px","group":"Font Size"}],"default":"12px"},{"type":"header","content":"Dropdowns"},{"type":"color","id":"b_dropdowns_bg","label":"dropdown Background","default":"#FFFFFF"},{"type":"color","id":"b_dropdowns_border","label":"dropdown Border","default":"#cccccc"},{"type":"color","id":"b_dropdowns_link_color","label":"dropdown Link Color","default":"#cccccc"},{"type":"color","id":"b_dropdowns_link_color_hover","label":"dropdown Link Color Hover","default":"#eeeeee"},{"type":"color","id":"b_dropdowns_link_bg_hover","label":"dropdown Link Background Hover","default":"#f5f5f5"}]},{"name":"General","settings":[{"type":"header","content":"Page Background"},{"type":"select","id":"site_bg","label":"Use Background","options":[{"value":"bg_colour","label":"Use Color"},{"value":"bg_image","label":"Use Image"},{"value":"bg_both","label":"Use both Image and Color"}],"default":"bg_colour"},{"type":"image","id":"bg_image.png","label":"Upload a new background image"},{"type":"color","id":"bg_colour","label":"Background Colour","default":"#eeeeee"},{"type":"paragraph","content":"Selector"},{"type":"checkbox","id":"selector_use","label":"Use Selector?","default":true},{"type":"color","id":"selector_colour","label":"Selector Colour","default":"#ffffff"},{"type":"color","id":"selector_bg","label":"Selector Background Colour","default":"#505050"},{"type":"header","content":"Fonts"},{"type":"select","id":"header_font","label":"Heading Font","options":[{"value":"'Belleza', sans-serif","label":"Belleza"},{"value":"'Open Sans', sans-serif","label":"Open Sans"},{"value":"'Cantata One', sans-serif","label":"Cantata One"},{"value":"'Lato', sans-serif","label":"Lato"},{"value":"'Raleway', sans-serif","label":"Raleway"},{"value":"Helvetica, Arial, sans-serif","label":"Helvetica\/Arial","group":"Sans-serif"},{"value":"Impact, Charcoal, Helvetica, Arial, sans-serif","label":"Impact","group":"Sans-serif"},{"value":"'Lucida Grande', 'Lucida Sans Unicode', 'Lucida Sans', Lucida, Helvetica, Arial, sans-serif","label":"Lucida Grande","group":"Sans-serif"},{"value":"Trebuchet MS, sans-serif","label":"Trebuchet MS","group":"Sans-serif"},{"value":"Verdana, Helvetica, Arial, sans-serif","label":"Verdana","group":"Sans-serif"},{"value":"Garamond, Baskerville, Caslon, serif","label":"Garamond","group":"Serif"},{"value":"Georgia, Utopia, 'Times New Roman', Times, serif","label":"Georgia","group":"Serif"},{"value":"Palatino, 'Palatino Linotype', 'Book Antiqua', serif","label":"Palatino","group":"Serif"},{"value":"'Times New Roman', Times, serif","label":"Times New Roman","group":"Serif"},{"value":"'Courier New', Courier, monospace","label":"Courier New","group":"Monospace"},{"value":"Monaco, 'Lucida Console', 'DejaVu Sans Mono', monospace","label":"Monaco\/Lucida Console","group":"Monospace"}],"info":"(site title, headings)"},{"type":"select","id":"general_font","label":"Body font","options":[{"value":"'Open Sans', sans-serif","label":"Open Sans"},{"value":"'Lato', sans-serif","label":"Lato"},{"value":"'Raleway', sans-serif","label":"Raleway"},{"value":"Helvetica, Arial, sans-serif","label":"Helvetica\/Arial","group":"Sans-serif"},{"value":"Impact, Charcoal, Helvetica, Arial, sans-serif","label":"Impact","group":"Sans-serif"},{"value":"'Lucida Grande', 'Lucida Sans Unicode', 'Lucida Sans', Lucida, Helvetica, Arial, sans-serif","label":"Lucida Grande","group":"Sans-serif"},{"value":"Trebuchet MS, sans-serif","label":"Trebuchet MS","group":"Sans-serif"},{"value":"Verdana, Helvetica, Arial, sans-serif","label":"Verdana","group":"Sans-serif"},{"value":"Garamond, Baskerville, Caslon, serif","label":"Garamond","group":"Serif"},{"value":"Georgia, Utopia, 'Times New Roman', Times, serif","label":"Georgia","group":"Serif"},{"value":"Palatino, 'Palatino Linotype', 'Book Antiqua', serif","label":"Palatino","group":"Serif"},{"value":"'Times New Roman', Times, serif","label":"Times New Roman","group":"Serif"},{"value":"'Courier New', Courier, monospace","label":"Courier New","group":"Monospace"},{"value":"Monaco, 'Lucida Console', 'DejaVu Sans Mono', monospace","label":"Monaco\/Lucida Console","group":"Monospace"}],"info":"(used everywhere else)"},{"type":"select","id":"general_font_size","label":"Font Size","options":[{"value":"10px","label":"10px","group":"Font Size"},{"value":"11px","label":"11px","group":"Font Size"},{"value":"12px","label":"12px","group":"Font Size"},{"value":"13px","label":"13px","group":"Font Size"},{"value":"14px","label":"14px","group":"Font Size"},{"value":"16px","label":"16px","group":"Font Size"},{"value":"18px","label":"18px","group":"Font Size"},{"value":"24px","label":"24px","group":"Font Size"},{"value":"30px","label":"30px","group":"Font Size"},{"value":"36px","label":"36px","group":"Font Size"},{"value":"48px","label":"48px","group":"Font Size"},{"value":"60px","label":"60px","group":"Font Size"},{"value":"72px","label":"72px","group":"Font Size"}],"default":"12px"},{"type":"select","id":"title_footer","label":"Title Footer Font","options":[{"value":"'Belleza', sans-serif","label":"Belleza"},{"value":"'Open Sans', sans-serif","label":"Open Sans"},{"value":"'Cantata One', sans-serif","label":"Cantata One"},{"value":"'Lato', sans-serif","label":"Lato"},{"value":"'Raleway', sans-serif","label":"Raleway"},{"value":"Helvetica, Arial, sans-serif","label":"Helvetica\/Arial","group":"Sans-serif"},{"value":"Impact, Charcoal, Helvetica, Arial, sans-serif","label":"Impact","group":"Sans-serif"},{"value":"'Lucida Grande', 'Lucida Sans Unicode', 'Lucida Sans', Lucida, Helvetica, Arial, sans-serif","label":"Lucida Grande","group":"Sans-serif"},{"value":"Trebuchet MS, sans-serif","label":"Trebuchet MS","group":"Sans-serif"},{"value":"Verdana, Helvetica, Arial, sans-serif","label":"Verdana","group":"Sans-serif"},{"value":"Garamond, Baskerville, Caslon, serif","label":"Garamond","group":"Serif"},{"value":"Georgia, Utopia, 'Times New Roman', Times, serif","label":"Georgia","group":"Serif"},{"value":"Palatino, 'Palatino Linotype', 'Book Antiqua', serif","label":"Palatino","group":"Serif"},{"value":"'Times New Roman', Times, serif","label":"Times New Roman","group":"Serif"},{"value":"'Courier New', Courier, monospace","label":"Courier New","group":"Monospace"},{"value":"Monaco, 'Lucida Console', 'DejaVu Sans Mono', monospace","label":"Monaco\/Lucida Console","group":"Monospace"}]},{"type":"select","id":"misc_font","label":"MISC Font","options":[{"value":"'Quicksand', sans-serif","label":"Quicksand"},{"value":"'Open Sans', sans-serif","label":"Open Sans"},{"value":"'Lato', sans-serif","label":"Lato"},{"value":"'Raleway', sans-serif","label":"Raleway"},{"value":"'Cantata One', sans-serif","label":"Cantata One"},{"value":"'Maven Pro', sans-serif","label":"Maven Pro"},{"value":"Helvetica, Arial, sans-serif","label":"Helvetica\/Arial","group":"Sans-serif"},{"value":"Impact, Charcoal, Helvetica, Arial, sans-serif","label":"Impact","group":"Sans-serif"},{"value":"'Lucida Grande', 'Lucida Sans Unicode', 'Lucida Sans', Lucida, Helvetica, Arial, sans-serif","label":"Lucida Grande","group":"Sans-serif"},{"value":"Trebuchet MS, sans-serif","label":"Trebuchet MS","group":"Sans-serif"},{"value":"Verdana, Helvetica, Arial, sans-serif","label":"Verdana","group":"Sans-serif"},{"value":"Garamond, Baskerville, Caslon, serif","label":"Garamond","group":"Serif"},{"value":"Georgia, Utopia, 'Times New Roman', Times, serif","label":"Georgia","group":"Serif"},{"value":"Palatino, 'Palatino Linotype', 'Book Antiqua', serif","label":"Palatino","group":"Serif"},{"value":"'Times New Roman', Times, serif","label":"Times New Roman","group":"Serif"},{"value":"'Courier New', Courier, monospace","label":"Courier New","group":"Monospace"},{"value":"Monaco, 'Lucida Console', 'DejaVu Sans Mono', monospace","label":"Monaco\/Lucida Console","group":"Monospace"}]},{"type":"header","content":"Typography"},{"type":"color","id":"typo_heading_colour","label":"Heading (color, size, border)","default":"#000000","info":"(used everywhere except home page)"},{"type":"select","id":"typo_heading_size","label":"Font Size","options":[{"value":"13px","label":"13px","group":"Font Size"},{"value":"14px","label":"14px","group":"Font Size"},{"value":"16px","label":"16px","group":"Font Size"},{"value":"18px","label":"18px","group":"Font Size"},{"value":"20px","label":"20px","group":"Font Size"},{"value":"24px","label":"24px","group":"Font Size"},{"value":"30px","label":"30px","group":"Font Size"},{"value":"36px","label":"36px","group":"Font Size"},{"value":"48px","label":"48px","group":"Font Size"},{"value":"60px","label":"60px","group":"Font Size"}],"default":"18px"},{"type":"color","id":"typo_heading_border","default":"#a1d4d3"},{"type":"color","id":"typo_title_colour","label":"Title colour","default":"#666666"},{"type":"color","id":"typo_border1_colour","label":"Border colour","default":"#cccccc"},{"type":"color","id":"typo_border2_colour","label":"Border secondary colour","default":"#e5e5e5"},{"type":"header","content":"Product Price colour"},{"type":"select","id":"product_price_font_size_other","label":"Product Price","options":[{"value":"10px","label":"10px","group":"Size"},{"value":"11px","label":"11px","group":"Size"},{"value":"12px","label":"12px","group":"Size"},{"value":"13px","label":"13px","group":"Size"},{"value":"14px","label":"14px","group":"Size"},{"value":"16px","label":"16px","group":"Size"},{"value":"18px","label":"18px","group":"Size"},{"value":"20px","label":"20px","group":"Size"},{"value":"22px","label":"22px","group":"Size"},{"value":"24px","label":"24px","group":"Size"},{"value":"30px","label":"30px","group":"Size"},{"value":"36px","label":"36px","group":"Size"},{"value":"48px","label":"48px","group":"Size"},{"value":"60px","label":"60px","group":"Size"},{"value":"72px","label":"72px","group":"Size"}],"default":"22px"},{"type":"select","id":"product_price_font_style_other","label":"Font Style","options":[{"value":"normal","label":"normal","group":"Font Style"},{"value":"italic","label":"italic","group":"Font Style"}],"default":"normal"},{"type":"select","id":"product_price_font_weight_other","label":"Font Weight","options":[{"value":"normal","label":"normal","group":"Font Weight"},{"value":"bold","label":"bold","group":"Font Weight"}],"default":"bold"},{"type":"color","id":"product_price_colour_other","default":"#d70000"},{"type":"select","id":"product_compare_price_font_size_other","label":"Product Compare Price","options":[{"value":"10px","label":"10px","group":"Size"},{"value":"11px","label":"11px","group":"Size"},{"value":"12px","label":"12px","group":"Size"},{"value":"13px","label":"13px","group":"Size"},{"value":"14px","label":"14px","group":"Size"},{"value":"16px","label":"16px","group":"Size"},{"value":"18px","label":"18px","group":"Size"},{"value":"20px","label":"20px","group":"Size"},{"value":"24px","label":"24px","group":"Size"},{"value":"30px","label":"30px","group":"Size"},{"value":"36px","label":"36px","group":"Size"},{"value":"48px","label":"48px","group":"Size"},{"value":"60px","label":"60px","group":"Size"},{"value":"72px","label":"72px","group":"Size"}],"default":"30px"},{"type":"select","id":"product_compare_price_font_style_other","label":"Font Style","options":[{"value":"normal","label":"normal","group":"Font Style"},{"value":"italic","label":"italic","group":"Font Style"}],"default":"normal"},{"type":"select","id":"product_compare_price_font_weight_other","label":"Font Weight","options":[{"value":"normal","label":"normal","group":"Font Weight"},{"value":"bold","label":"bold","group":"Font Weight"}],"default":"bold"},{"type":"color","id":"product_compare_price_colour_other","default":"#d70000"},{"type":"select","id":"product_soldout_font_size_other","label":"Sold Out","options":[{"value":"10px","label":"10px","group":"Size"},{"value":"11px","label":"11px","group":"Size"},{"value":"12px","label":"12px","group":"Size"},{"value":"13px","label":"13px","group":"Size"},{"value":"14px","label":"14px","group":"Size"},{"value":"16px","label":"16px","group":"Size"},{"value":"18px","label":"18px","group":"Size"},{"value":"20px","label":"20px","group":"Size"},{"value":"24px","label":"24px","group":"Size"},{"value":"30px","label":"30px","group":"Size"},{"value":"36px","label":"36px","group":"Size"},{"value":"48px","label":"48px","group":"Size"},{"value":"60px","label":"60px","group":"Size"},{"value":"72px","label":"72px","group":"Size"}],"default":"30px"},{"type":"select","id":"product_soldout_font_style_other","label":"Font Style","options":[{"value":"normal","label":"normal","group":"Font Style"},{"value":"italic","label":"italic","group":"Font Style"}],"default":"normal"},{"type":"select","id":"product_soldout_font_weight_other","label":"Font Weight","options":[{"value":"normal","label":"normal","group":"Font Weight"},{"value":"bold","label":"bold","group":"Font Weight"}],"default":"normal"},{"type":"color","id":"product_soldout_colour_other","default":"#808080"}]},{"name":"Header","settings":[{"type":"header","content":"Look and Feel"},{"type":"select","id":"header_bg_placement","label":"Background","options":[{"value":"full-width","label":"Full width"},{"value":"within-container","label":"Within container"}],"default":"within-container"},{"type":"color","id":"header_bg","default":"#ffffff"},{"type":"select","id":"header_txt_size","label":"Text","options":[{"value":"10px","label":"10px","group":"Font Size"},{"value":"11px","label":"11px","group":"Font Size"},{"value":"12px","label":"12px","group":"Font Size"},{"value":"13px","label":"13px","group":"Font Size"},{"value":"14px","label":"14px","group":"Font Size"},{"value":"16px","label":"16px","group":"Font Size"},{"value":"18px","label":"18px","group":"Font Size"},{"value":"24px","label":"24px","group":"Font Size"},{"value":"30px","label":"30px","group":"Font Size"}],"default":"12px"},{"type":"color","id":"header_txt_colour","default":"#000000"},{"type":"select","id":"header_link_style","label":"Link","options":[{"value":"normal","label":"normal","group":"Font Style"},{"value":"italic","label":"italic","group":"Font Style"}],"default":"normal"},{"type":"select","id":"header_link_weight","label":"Font Weight","options":[{"value":"normal","label":"normal","group":"Font Weight"},{"value":"bold","label":"bold","group":"Font Weight"}],"default":"normal"},{"type":"color","id":"header_link_colour","default":"#000000"},{"type":"select","id":"header_link_style_hover","label":"Link Hover","options":[{"value":"normal","label":"normal","group":"Font Style"},{"value":"italic","label":"italic","group":"Font Style"}],"default":"normal"},{"type":"select","id":"header_link_weight_hover","label":"Font Weight","options":[{"value":"normal","label":"normal","group":"Font Weight"},{"value":"bold","label":"bold","group":"Font Weight"}],"default":"normal"},{"type":"color","id":"header_link_colour_hover","default":"#000000"},{"type":"color","id":"header_border","label":"Border","default":"#cccccc"},{"type":"header","content":"Site Logo\/Favicon"},{"type":"select","id":"logo_image","label":"Site logo","options":[{"value":"nologo.png","label":"Use Text"},{"value":"logo.png","label":"Custom Uploaded Image"}],"default":"nologo.png"},{"type":"text","id":"logo_text","label":"Custom logo text"},{"type":"image","id":"logo.png","label":"Custom logo image"},{"type":"color","id":"logo_colour","label":"Logo link colour","default":"#202020"},{"type":"select","id":"logo_font_size","label":"Logo font size and style","options":[{"value":"10px","label":"10px","group":"Font Size"},{"value":"11px","label":"11px","group":"Font Size"},{"value":"12px","label":"12px","group":"Font Size"},{"value":"13px","label":"13px","group":"Font Size"},{"value":"14px","label":"14px","group":"Font Size"},{"value":"16px","label":"16px","group":"Font Size"},{"value":"18px","label":"18px","group":"Font Size"},{"value":"24px","label":"24px","group":"Font Size"},{"value":"30px","label":"30px","group":"Font Size"},{"value":"36px","label":"36px","group":"Font Size"},{"value":"40px","label":"40px","group":"Font Size"},{"value":"48px","label":"48px","group":"Font Size"},{"value":"60px","label":"60px","group":"Font Size"},{"value":"72px","label":"72px","group":"Font Size"}],"default":"60px"},{"type":"select","id":"logo_font_style","label":"Font Style","options":[{"value":"normal","label":"normal","group":"Font Style"},{"value":"italic","label":"italic","group":"Font Style"}],"default":"normal"},{"type":"select","id":"logo_font_weight","label":"Font Weight","options":[{"value":"normal","label":"normal","group":"Font Weight"},{"value":"bold","label":"bold","group":"Font Weight"}],"default":"normal"},{"type":"image","id":"favicon.png","label":"Favicon (16px x 16px)","max-width":16,"max-height":16},{"type":"header","content":"Phone Number"},{"type":"text","id":"header_phone_number","label":"Input your phone number","info":"Leave blank if you don't want to display"},{"type":"header","content":"Customer links"},{"type":"checkbox","id":"show_header_customer","label":"Show Customer links?","default":true},{"type":"checkbox","id":"customer_login_dropdown","label":"Show Login form dropdown?","default":true},{"type":"header","content":"Social Media Icons"},{"type":"checkbox","id":"social_icons_show","label":"Show this widget?","default":true},{"type":"text","id":"social_icons_dribbble_link","label":"Dribbble Link","default":"#"},{"type":"checkbox","id":"social_icons_dribbble_show","default":true},{"type":"text","id":"social_icons_facebook_link","label":"Facebook Link","default":"#"},{"type":"checkbox","id":"social_icons_facebook_show","default":true},{"type":"text","id":"social_icons_twitter_link","label":"Twitter Link","default":"#"},{"type":"checkbox","id":"social_icons_twitter_show","default":true},{"type":"text","id":"social_icons_vimeo_link","label":"Vimeo Link","default":"#"},{"type":"checkbox","id":"social_icons_vimeo_show","default":true},{"type":"text","id":"social_icons_google_link","label":"Google+ Link","default":"#"},{"type":"checkbox","id":"social_icons_google_show","default":true},{"type":"text","id":"social_icons_pinterest_link","label":"Pinterest Link","default":"#"},{"type":"checkbox","id":"social_icons_pinterest_show","default":true},{"type":"text","id":"social_icons_youtube_link","label":"Youtube Link","default":"#"},{"type":"checkbox","id":"social_icons_youtube_show","default":true},{"type":"text","id":"social_icons_instagram_link","label":"Instagram Link","default":"#"},{"type":"checkbox","id":"social_icons_instagram_show","default":true},{"type":"text","id":"social_icons_tumblr_link","label":"Tumblr Link","default":"#"},{"type":"checkbox","id":"social_icons_tumblr_show","default":true},{"type":"text","id":"social_icons_atom_link","label":"Blog feed","default":"#"},{"type":"checkbox","id":"social_icons_atom_show","default":true},{"type":"header","content":"Search"},{"type":"checkbox","id":"show_header_search","label":"Show search form?","default":true},{"type":"checkbox","id":"search_icon","label":"Show search icon?","default":true},{"type":"color","id":"search_icon_colour","label":"Search icon colour and size","default":"#000000"},{"type":"select","id":"search_icon_size","label":"Icon Size","options":[{"value":"10px","label":"10px","group":"Icon Size"},{"value":"11px","label":"11px","group":"Icon Size"},{"value":"12px","label":"12px","group":"Icon Size"},{"value":"13px","label":"13px","group":"Icon Size"},{"value":"14px","label":"14px","group":"Icon Size"},{"value":"16px","label":"16px","group":"Icon Size"},{"value":"18px","label":"18px","group":"Icon Size"},{"value":"24px","label":"24px","group":"Icon Size"},{"value":"30px","label":"30px","group":"Icon Size"},{"value":"36px","label":"36px","group":"Icon Size"},{"value":"48px","label":"48px","group":"Icon Size"},{"value":"60px","label":"60px","group":"Icon Size"},{"value":"72px","label":"72px","group":"Icon Size"}],"default":"16px"},{"type":"text","id":"search_searchtext","label":"Text displayed on the search field","default":"Search..."},{"type":"header","content":"Cart info"},{"type":"checkbox","id":"show_header_cart","label":"Show Cart?","default":true},{"type":"color","id":"cart_bg_colour","label":"Background","default":"#c5e7e6"},{"type":"checkbox","id":"cart_dropdown","label":"Show Cart dropdown?","default":true},{"type":"header","content":"Top information"},{"type":"checkbox","id":"show_top_info","label":"Show this widget?","default":true},{"type":"select","id":"top_info_number","label":"Number news feed?","options":[{"value":"1","label":"1"},{"value":"2","label":"2"},{"value":"3","label":"3"},{"value":"4","label":"4"},{"value":"5","label":"5"}],"default":"5"},{"type":"text","id":"top_info_caption1","label":"Caption"},{"type":"text","id":"top_info_link1","label":"Link"},{"type":"text","id":"top_info_action","label":"Readmore text"}]},{"name":"Navigation","settings":[{"type":"link_list","id":"nav_linklist","label":"Navigation"},{"type":"color","id":"nav_bg_colour","label":"Background colour"},{"type":"color","id":"nav_link_colour","label":"Link colour","default":"#202020"},{"type":"color","id":"nav_hover_colour","label":"Link hover colour","default":"#808080"},{"type":"color","id":"nav_hover_bg","label":"Link hover background","default":"#b0171f"},{"type":"color","id":"dropdown_bg_colour","label":"Dropdown menu background colour","default":"#FFFFFF"},{"type":"color","id":"dropdown_item_colour","label":"Dropdown menu link item colour","default":"#505050"},{"type":"color","id":"dropdown_bg_colour_hover","label":"Dropdown menu background hover colour","default":"#FFFFFF"},{"type":"color","id":"mobile_bg_colour","label":"Mobile menu background colour","default":"#000000"},{"type":"color","id":"mobile_item_colour","label":"Mobile menu link item colour","default":"#FFFFFF"},{"type":"header","content":"Mega Menu"},{"type":"checkbox","id":"display_megamenu","label":"Display Mega Menu?","default":true},{"type":"paragraph","content":"Mega Menu Items 1"},{"type":"text","id":"megamenu_items_1","label":"Mega Menu 1","info":"(blank if you don't want to use)"},{"type":"text","id":"megamenu_items_min_height_1","label":"Min Height Of Dropdown"},{"type":"select","id":"mega_column_1","label":"Number Of Columns","options":[{"value":"1","label":"1"},{"value":"2","label":"2"},{"value":"3","label":"3"},{"value":"4","label":"4"},{"value":"5","label":"5"}],"default":"4"},{"type":"link_list","id":"mega_linklist_1","label":"Link List 1 (column 1)"},{"type":"text","id":"megamenu_new_1_label","label":"New Label for:"},{"type":"text","id":"megamenu_hot_1_label","label":"Hot Label for:"},{"type":"text","id":"megamenu_sale_1_label","label":"Sale Label for:"},{"type":"text","id":"megamenu_fea_1_label","label":"Feature Label for:"},{"type":"link_list","id":"mega_linklist_2","label":"Link List 2 (column 2)"},{"type":"text","id":"megamenu_new_2_label","label":"New Label for:"},{"type":"text","id":"megamenu_hot_2_label","label":"Hot Label for:"},{"type":"text","id":"megamenu_sale_2_label","label":"Sale Label for:"},{"type":"text","id":"megamenu_fea_2_label","label":"Feature Label for:"},{"type":"link_list","id":"mega_linklist_3","label":"Link List 3 (column 3)"},{"type":"text","id":"megamenu_new_3_label","label":"New Label for:"},{"type":"text","id":"megamenu_hot_3_label","label":"Hot Label for:"},{"type":"text","id":"megamenu_sale_3_label","label":"Sale Label for:"},{"type":"text","id":"megamenu_fea_3_label","label":"Feature Label for:"},{"type":"link_list","id":"mega_linklist_4","label":"Link List 4 (column 4)"},{"type":"text","id":"megamenu_new_4_label","label":"New Label for:"},{"type":"text","id":"megamenu_hot_4_label","label":"Hot Label for:"},{"type":"text","id":"megamenu_sale_4_label","label":"Sale Label for:"},{"type":"text","id":"megamenu_fea_4_label","label":"Feature Label for:"},{"type":"link_list","id":"mega_linklist_5","label":"Link List 5 (column 5)"},{"type":"text","id":"megamenu_new_5_label","label":"New Label for:"},{"type":"text","id":"megamenu_hot_5_label","label":"Hot Label for:"},{"type":"text","id":"megamenu_sale_5_label","label":"Sale Label for:"},{"type":"text","id":"megamenu_fea_5_label","label":"Feature Label for:"},{"type":"link_list","id":"mega_linklist_6","label":"Link List 6 (column 6)"},{"type":"text","id":"megamenu_new_6_label","label":"New Label for:"},{"type":"text","id":"megamenu_hot_6_label","label":"Hot Label for:"},{"type":"text","id":"megamenu_sale_6_label","label":"Sale Label for:"},{"type":"text","id":"megamenu_fea_6_label","label":"Feature Label for:"},{"type":"image","id":"menu_image_1.png","label":"Upload a image"},{"type":"checkbox","id":"display_menu_image_1","default":true},{"type":"paragraph","content":"Mega Menu Items 2"},{"type":"text","id":"megamenu_items_2","label":"Mega Menu 2","info":"(blank if you don't want to use)"},{"type":"text","id":"megamenu_items_min_height_2","label":"Min Height Of Dropdown"},{"type":"select","id":"mega_column_2","label":"Number Of Columns","options":[{"value":"1","label":"1"},{"value":"2","label":"2"},{"value":"3","label":"3"},{"value":"4","label":"4"},{"value":"5","label":"5"}],"default":"4"},{"type":"link_list","id":"mega_linklist_7","label":"Link List 1 (column 1)"},{"type":"text","id":"megamenu_new_7_label","label":"New Label for:"},{"type":"text","id":"megamenu_hot_7_label","label":"Hot Label for:"},{"type":"text","id":"megamenu_sale_7_label","label":"Sale Label for:"},{"type":"text","id":"megamenu_fea_7_label","label":"Feature Label for:"},{"type":"link_list","id":"mega_linklist_8","label":"Link List 2 (column 2)"},{"type":"text","id":"megamenu_new_8_label","label":"New Label for:"},{"type":"text","id":"megamenu_hot_8_label","label":"Hot Label for:"},{"type":"text","id":"megamenu_sale_8_label","label":"Sale Label for:"},{"type":"text","id":"megamenu_fea_8_label","label":"Feature Label for:"},{"type":"link_list","id":"mega_linklist_9","label":"Link List 3 (column 3)"},{"type":"text","id":"megamenu_new_9_label","label":"New Label for:"},{"type":"text","id":"megamenu_hot_9_label","label":"Hot Label for:"},{"type":"text","id":"megamenu_sale_9_label","label":"Sale Label for:"},{"type":"text","id":"megamenu_fea_9_label","label":"Feature Label for:"},{"type":"link_list","id":"mega_linklist_10","label":"Link List 4 (column 4)"},{"type":"text","id":"megamenu_new_10_label","label":"New Label for:"},{"type":"text","id":"megamenu_hot_10_label","label":"Hot Label for:"},{"type":"text","id":"megamenu_sale_10_label","label":"Sale Label for:"},{"type":"text","id":"megamenu_fea_10_label","label":"Feature Label for:"},{"type":"link_list","id":"mega_linklist_11","label":"Link List 5 (column 5)"},{"type":"text","id":"megamenu_new_11_label","label":"New Label for:"},{"type":"text","id":"megamenu_hot_11_label","label":"Hot Label for:"},{"type":"text","id":"megamenu_sale_11_label","label":"Sale Label for:"},{"type":"text","id":"megamenu_fea_11_label","label":"Feature Label for:"},{"type":"link_list","id":"mega_linklist_12","label":"Link List 6 (column 6)"},{"type":"text","id":"megamenu_new_12_label","label":"New Label for:"},{"type":"text","id":"megamenu_hot_12_label","label":"Hot Label for:"},{"type":"text","id":"megamenu_sale_12_label","label":"Sale Label for:"},{"type":"text","id":"megamenu_fea_12_label","label":"Feature Label for:"},{"type":"image","id":"menu_image_2.png","label":"Upload a image"},{"type":"checkbox","id":"display_menu_image_2","default":true}]},{"name":"Homepage Slideshow","settings":[{"type":"header","content":"Look and Feel"},{"type":"checkbox","id":"show_slideshow","label":"Show slideshow?","default":true},{"type":"checkbox","id":"slideshow_auto","label":"Auto slideshow?","default":true},{"type":"select","id":"layout_placement_slideshow","label":"Select style","options":[{"value":"wide","label":"Wide"},{"value":"box","label":"Boxed"}],"default":"wide"},{"type":"select","id":"effect_slide","label":"Effect Of Slide","options":[{"value":"simpleFade","label":"Fade"},{"value":"scrollLeft","label":"Slide"},{"value":"random","label":"Random"}],"default":"simpleFade"},{"type":"checkbox","id":"slide-active-1","label":"1st slide active","default":true,"info":"Yes"},{"type":"image","id":"slide-image-1.jpg","label":"1st slide image"},{"type":"text","id":"slide-heading-1","label":"1st slide heading"},{"type":"color","id":"slide-heading-colour-1","default":"#000000"},{"type":"select","id":"slide-heading-animation-1","label":"1st slide heading animation","options":[{"value":"moveFromLeft","label":"From Left"},{"value":"moveFromRight","label":"From Right"},{"value":"moveFromTop","label":"From Top"},{"value":"moveFromBottom","label":"From Bottom"},{"value":"fadeIn","label":"Fade In"},{"value":"fadeFromLeft","label":"Fade from Left"},{"value":"fadeFromRight","label":"Fade from Right"},{"value":"fadeFromTop","label":"Fade from Top"},{"value":"fadeFromBottom","label":"Fade from Bottom"}]},{"type":"textarea","id":"slide-caption-1","label":"1st slide caption"},{"type":"color","id":"slide-caption-colour-1","default":"#000000"},{"type":"select","id":"slide-caption-animation-1","label":"1st slide caption animation","options":[{"value":"moveFromLeft","label":"From Left"},{"value":"moveFromRight","label":"From Right"},{"value":"moveFromTop","label":"From Top"},{"value":"moveFromBottom","label":"From Bottom"},{"value":"fadeIn","label":"Fade In"},{"value":"fadeFromLeft","label":"Fade from Left"},{"value":"fadeFromRight","label":"Fade from Right"},{"value":"fadeFromTop","label":"Fade from Top"},{"value":"fadeFromBottom","label":"Fade from Bottom"}]},{"type":"checkbox","id":"slide-image-caption-active-1","label":"1st active image caption","default":true,"info":"Yes"},{"type":"image","id":"slide-image-caption-1.png","label":"1st slide image caption"},{"type":"select","id":"slide-image-caption-animation-1","label":"1st slide image caption animation","options":[{"value":"moveFromLeft","label":"From Left"},{"value":"moveFromRight","label":"From Right"},{"value":"moveFromTop","label":"From Top"},{"value":"moveFromBottom","label":"From Bottom"},{"value":"fadeIn","label":"Fade In"},{"value":"fadeFromLeft","label":"Fade from Left"},{"value":"fadeFromRight","label":"Fade from Right"},{"value":"fadeFromTop","label":"Fade from Top"},{"value":"fadeFromBottom","label":"Fade from Bottom"}]},{"type":"text","id":"slide-action-1","label":"1st slide action"},{"type":"text","id":"slide-link-1","label":"1st slide link"},{"type":"checkbox","id":"slide-active-2","label":"2nd slide active","default":true,"info":"Yes"},{"type":"image","id":"slide-image-2.jpg","label":"2nd slide image"},{"type":"text","id":"slide-heading-2","label":"2nd slide heading"},{"type":"color","id":"slide-heading-colour-2","default":"#000000"},{"type":"select","id":"slide-heading-animation-2","label":"2nd slide heading animation","options":[{"value":"moveFromLeft","label":"From Left"},{"value":"moveFromRight","label":"From Right"},{"value":"moveFromTop","label":"From Top"},{"value":"moveFromBottom","label":"From Bottom"},{"value":"fadeIn","label":"Fade In"},{"value":"fadeFromLeft","label":"Fade from Left"},{"value":"fadeFromRight","label":"Fade from Right"},{"value":"fadeFromTop","label":"Fade from Top"},{"value":"fadeFromBottom","label":"Fade from Bottom"}]},{"type":"textarea","id":"slide-caption-2","label":"2nd slide caption"},{"type":"color","id":"slide-caption-colour-2","default":"#000000"},{"type":"select","id":"slide-caption-animation-2","label":"2nd slide caption animation","options":[{"value":"moveFromLeft","label":"From Left"},{"value":"moveFromRight","label":"From Right"},{"value":"moveFromTop","label":"From Top"},{"value":"moveFromBottom","label":"From Bottom"},{"value":"fadeIn","label":"Fade In"},{"value":"fadeFromLeft","label":"Fade from Left"},{"value":"fadeFromRight","label":"Fade from Right"},{"value":"fadeFromTop","label":"Fade from Top"},{"value":"fadeFromBottom","label":"Fade from Bottom"}]},{"type":"checkbox","id":"slide-image-caption-active-2","label":"2nd active image caption","default":true,"info":"Yes"},{"type":"image","id":"slide-image-caption-2.png","label":"2nd slide image caption"},{"type":"select","id":"slide-image-caption-animation-2","label":"2nd slide image caption animation","options":[{"value":"moveFromLeft","label":"From Left"},{"value":"moveFromRight","label":"From Right"},{"value":"moveFromTop","label":"From Top"},{"value":"moveFromBottom","label":"From Bottom"},{"value":"fadeIn","label":"Fade In"},{"value":"fadeFromLeft","label":"Fade from Left"},{"value":"fadeFromRight","label":"Fade from Right"},{"value":"fadeFromTop","label":"Fade from Top"},{"value":"fadeFromBottom","label":"Fade from Bottom"}]},{"type":"text","id":"slide-action-2","label":"2nd slide action"},{"type":"text","id":"slide-link-2","label":"2nd slide link"},{"type":"checkbox","id":"slide-active-3","label":"3rd slide active","info":"Yes"},{"type":"image","id":"slide-image-3.jpg","label":"3rd slide image"},{"type":"text","id":"slide-heading-3","label":"3rd slide heading"},{"type":"color","id":"slide-heading-colour-3","default":"#000000"},{"type":"select","id":"slide-heading-animation-3","label":"3rd slide heading animation","options":[{"value":"moveFromLeft","label":"From Left"},{"value":"moveFromRight","label":"From Right"},{"value":"moveFromTop","label":"From Top"},{"value":"moveFromBottom","label":"From Bottom"},{"value":"fadeIn","label":"Fade In"},{"value":"fadeFromLeft","label":"Fade from Left"},{"value":"fadeFromRight","label":"Fade from Right"},{"value":"fadeFromTop","label":"Fade from Top"},{"value":"fadeFromBottom","label":"Fade from Bottom"}]},{"type":"textarea","id":"slide-caption-3","label":"3rd slide caption"},{"type":"color","id":"slide-caption-colour-3","default":"#000000"},{"type":"select","id":"slide-caption-animation-3","label":"3rd slide caption animation","options":[{"value":"moveFromLeft","label":"From Left"},{"value":"moveFromRight","label":"From Right"},{"value":"moveFromTop","label":"From Top"},{"value":"moveFromBottom","label":"From Bottom"},{"value":"fadeIn","label":"Fade In"},{"value":"fadeFromLeft","label":"Fade from Left"},{"value":"fadeFromRight","label":"Fade from Right"},{"value":"fadeFromTop","label":"Fade from Top"},{"value":"fadeFromBottom","label":"Fade from Bottom"}]},{"type":"checkbox","id":"slide-image-caption-active-3","label":"3rd active image caption","default":true,"info":"Yes"},{"type":"image","id":"slide-image-caption-3.png","label":"3rd slide image caption"},{"type":"select","id":"slide-image-caption-animation-3","label":"3rd slide image caption animation","options":[{"value":"moveFromLeft","label":"From Left"},{"value":"moveFromRight","label":"From Right"},{"value":"moveFromTop","label":"From Top"},{"value":"moveFromBottom","label":"From Bottom"},{"value":"fadeIn","label":"Fade In"},{"value":"fadeFromLeft","label":"Fade from Left"},{"value":"fadeFromRight","label":"Fade from Right"},{"value":"fadeFromTop","label":"Fade from Top"},{"value":"fadeFromBottom","label":"Fade from Bottom"}]},{"type":"text","id":"slide-action-3","label":"3rd slide action"},{"type":"text","id":"slide-link-3","label":"3rd slide link"},{"type":"checkbox","id":"slide-active-4","label":"4th slide active","info":"Yes"},{"type":"image","id":"slide-image-4.jpg","label":"4th slide image"},{"type":"text","id":"slide-heading-4","label":"4th slide heading"},{"type":"color","id":"slide-heading-colour-4","default":"#000000"},{"type":"select","id":"slide-heading-animation-4","label":"4th slide heading animation","options":[{"value":"moveFromLeft","label":"From Left"},{"value":"moveFromRight","label":"From Right"},{"value":"moveFromTop","label":"From Top"},{"value":"moveFromBottom","label":"From Bottom"},{"value":"fadeIn","label":"Fade In"},{"value":"fadeFromLeft","label":"Fade from Left"},{"value":"fadeFromRight","label":"Fade from Right"},{"value":"fadeFromTop","label":"Fade from Top"},{"value":"fadeFromBottom","label":"Fade from Bottom"}]},{"type":"textarea","id":"slide-caption-4","label":"4th slide caption"},{"type":"color","id":"slide-caption-colour-4","default":"#000000"},{"type":"select","id":"slide-caption-animation-4","label":"4th slide caption animation","options":[{"value":"moveFromLeft","label":"From Left"},{"value":"moveFromRight","label":"From Right"},{"value":"moveFromTop","label":"From Top"},{"value":"moveFromBottom","label":"From Bottom"},{"value":"fadeIn","label":"Fade In"},{"value":"fadeFromLeft","label":"Fade from Left"},{"value":"fadeFromRight","label":"Fade from Right"},{"value":"fadeFromTop","label":"Fade from Top"},{"value":"fadeFromBottom","label":"Fade from Bottom"}]},{"type":"checkbox","id":"slide-image-caption-active-4","label":"4th active image caption","default":true,"info":"Yes"},{"type":"image","id":"slide-image-caption-4.png","label":"4th slide image caption"},{"type":"select","id":"slide-image-caption-animation-4","label":"4th slide image caption animation","options":[{"value":"moveFromLeft","label":"From Left"},{"value":"moveFromRight","label":"From Right"},{"value":"moveFromTop","label":"From Top"},{"value":"moveFromBottom","label":"From Bottom"},{"value":"fadeIn","label":"Fade In"},{"value":"fadeFromLeft","label":"Fade from Left"},{"value":"fadeFromRight","label":"Fade from Right"},{"value":"fadeFromTop","label":"Fade from Top"},{"value":"fadeFromBottom","label":"Fade from Bottom"}]},{"type":"text","id":"slide-action-4","label":"4th slide action"},{"type":"text","id":"slide-link-4","label":"4th slide link"},{"type":"checkbox","id":"slide-active-5","label":"5th slide active","info":"Yes"},{"type":"image","id":"slide-image-5.jpg","label":"5th slide image"},{"type":"text","id":"slide-heading-5","label":"5th slide heading"},{"type":"color","id":"slide-heading-colour-5","default":"#000000"},{"type":"select","id":"slide-heading-animation-5","label":"5th slide heading animation","options":[{"value":"moveFromLeft","label":"From Left"},{"value":"moveFromRight","label":"From Right"},{"value":"moveFromTop","label":"From Top"},{"value":"moveFromBottom","label":"From Bottom"},{"value":"fadeIn","label":"Fade In"},{"value":"fadeFromLeft","label":"Fade from Left"},{"value":"fadeFromRight","label":"Fade from Right"},{"value":"fadeFromTop","label":"Fade from Top"},{"value":"fadeFromBottom","label":"Fade from Bottom"}]},{"type":"textarea","id":"slide-caption-5","label":"5th slide caption"},{"type":"color","id":"slide-caption-colour-5","default":"#000000"},{"type":"select","id":"slide-caption-animation-5","label":"5th slide caption animation","options":[{"value":"moveFromLeft","label":"From Left"},{"value":"moveFromRight","label":"From Right"},{"value":"moveFromTop","label":"From Top"},{"value":"moveFromBottom","label":"From Bottom"},{"value":"fadeIn","label":"Fade In"},{"value":"fadeFromLeft","label":"Fade from Left"},{"value":"fadeFromRight","label":"Fade from Right"},{"value":"fadeFromTop","label":"Fade from Top"},{"value":"fadeFromBottom","label":"Fade from Bottom"}]},{"type":"checkbox","id":"slide-image-caption-active-5","label":"5th active image caption","default":true,"info":"Yes"},{"type":"image","id":"slide-image-caption-5.png","label":"5th slide image caption"},{"type":"select","id":"slide-image-caption-animation-5","label":"5th slide image caption animation","options":[{"value":"moveFromLeft","label":"From Left"},{"value":"moveFromRight","label":"From Right"},{"value":"moveFromTop","label":"From Top"},{"value":"moveFromBottom","label":"From Bottom"},{"value":"fadeIn","label":"Fade In"},{"value":"fadeFromLeft","label":"Fade from Left"},{"value":"fadeFromRight","label":"Fade from Right"},{"value":"fadeFromTop","label":"Fade from Top"},{"value":"fadeFromBottom","label":"Fade from Bottom"}]},{"type":"text","id":"slide-action-5","label":"5th slide action"},{"type":"text","id":"slide-link-5","label":"5th slide link"}]},{"name":"Homepage","settings":[{"type":"header","content":"Look and Feel"},{"type":"select","id":"home_heading_size","label":"Heading","options":[{"value":"10px","label":"10px","group":"Size"},{"value":"11px","label":"11px","group":"Size"},{"value":"12px","label":"12px","group":"Size"},{"value":"13px","label":"13px","group":"Size"},{"value":"14px","label":"14px","group":"Size"},{"value":"15px","label":"15px","group":"Size"},{"value":"16px","label":"16px","group":"Size"},{"value":"18px","label":"18px","group":"Size"},{"value":"20px","label":"20px","group":"Size"},{"value":"24px","label":"24px","group":"Size"},{"value":"28px","label":"28px","group":"Size"},{"value":"30px","label":"30px","group":"Size"},{"value":"36px","label":"36px","group":"Size"},{"value":"48px","label":"48px","group":"Size"},{"value":"60px","label":"60px","group":"Size"}],"default":"14px"},{"type":"select","id":"home_heading_style","label":"Font Style","options":[{"value":"normal","label":"normal","group":"Font Style"},{"value":"italic","label":"italic","group":"Font Style"}],"default":"normal"},{"type":"select","id":"home_heading_weight","label":"Font Weight","options":[{"value":"normal","label":"normal","group":"Font Weight"},{"value":"bold","label":"bold","group":"Font Weight"}],"default":"normal"},{"type":"color","id":"home_heading_colour","default":"#000000"},{"type":"color","id":"home_border_colour","label":"Border colour","default":"#e6e6e8"},{"type":"header","content":"Popular Collections"},{"type":"checkbox","id":"popular_collections_show","label":"Show this widget","default":true},{"type":"text","id":"popular_collections_heading","label":"Heading"},{"type":"collection","id":"popular_collections_1","label":"Select collection 1"},{"type":"collection","id":"popular_collections_2","label":"Select collection 2"},{"type":"collection","id":"popular_collections_3","label":"Select collection 3"},{"type":"collection","id":"popular_collections_4","label":"Select collection 4"},{"type":"collection","id":"popular_collections_5","label":"Select collection 5"},{"type":"collection","id":"popular_collections_6","label":"Select collection 6"},{"type":"collection","id":"popular_collections_7","label":"Select collection 7"},{"type":"collection","id":"popular_collections_8","label":"Select collection 8"},{"type":"header","content":"New Products"},{"type":"checkbox","id":"new_section_show","label":"Show this section?","default":true},{"type":"text","id":"new_section_heading","label":"Heading"},{"type":"collection","id":"new_section_collection","label":"Collection to use:"},{"type":"text","id":"new_section_number","label":"Number of products","default":"6"},{"type":"header","content":"Banner"},{"type":"checkbox","id":"home_banner_show","label":"Show this section?","default":true},{"type":"image","id":"home_banner_image.png","label":"Upload a background image"},{"type":"image","id":"home_banner_image_text.png","label":"Upload a image for text caption"},{"type":"textarea","id":"home_banne_caption","label":"Caption"},{"type":"text","id":"home_banner_action","label":"Action"},{"type":"text","id":"home_banner_link","label":"Link"},{"type":"header","content":"Banner and Blog"},{"type":"text","id":"home_blog_title","label":"Block Title"},{"type":"paragraph","content":"Banner Setting"},{"type":"checkbox","id":"home_bottom_banner_show","label":"Show Banner","default":true},{"type":"image","id":"home_bottom_banner.jpg","label":"Upload an image"},{"type":"paragraph","content":"Blog Settings"},{"type":"checkbox","id":"home_blog_show","label":"Display this widget?"},{"type":"blog","id":"home_blog_use","label":"Use blog"},{"type":"text","id":"home_blog_number","label":"Number of blog","default":"3"},{"type":"header","content":"Featured Products"},{"type":"checkbox","id":"featured_section_show","label":"Show this section?","default":true},{"type":"text","id":"featured_section_heading","label":"Heading","default":"Featured Products"},{"type":"collection","id":"featured_section_collection","label":"Collection to use:"},{"type":"text","id":"featured_section_number","label":"Number of products","default":"10"},{"type":"header","content":"Partners Logo"},{"type":"checkbox","id":"partners_show","label":"Use this widget?","default":true},{"type":"text","id":"partners_heading","label":"Heading"},{"type":"paragraph","content":"Logo 1"},{"type":"checkbox","id":"partners_logo_show_1","label":"Show this section?","default":true},{"type":"image","id":"partners_logo_1.png","label":"Logo"},{"type":"text","id":"partners_link_1","label":"Link","default":"#"},{"type":"paragraph","content":"Logo 2"},{"type":"checkbox","id":"partners_logo_show_2","label":"Show this section?","default":true},{"type":"image","id":"partners_logo_2.png","label":"Logo"},{"type":"text","id":"partners_link_2","label":"Link","default":"#"},{"type":"paragraph","content":"Logo 3"},{"type":"checkbox","id":"partners_logo_show_3","label":"Show this section?","default":true},{"type":"image","id":"partners_logo_3.png","label":"Logo"},{"type":"text","id":"partners_link_3","label":"Link","default":"#"},{"type":"paragraph","content":"Logo 4"},{"type":"checkbox","id":"partners_logo_show_4","label":"Show this section?","default":true},{"type":"image","id":"partners_logo_4.png","label":"Logo"},{"type":"text","id":"partners_link_4","label":"Link","default":"#"},{"type":"paragraph","content":"Logo 5"},{"type":"checkbox","id":"partners_logo_show_5","label":"Show this section?","default":true},{"type":"image","id":"partners_logo_5.png","label":"Logo"},{"type":"text","id":"partners_link_5","label":"Link","default":"#"},{"type":"paragraph","content":"Logo 6"},{"type":"checkbox","id":"partners_logo_show_6","label":"Show this section?","default":true},{"type":"image","id":"partners_logo_6.png","label":"Logo"},{"type":"text","id":"partners_link_6","label":"Link","default":"#"},{"type":"paragraph","content":"Logo 7"},{"type":"checkbox","id":"partners_logo_show_7","label":"Show this section?","default":true},{"type":"image","id":"partners_logo_7.png","label":"Logo"},{"type":"text","id":"partners_link_7","label":"Link","default":"#"},{"type":"paragraph","content":"Logo 8"},{"type":"checkbox","id":"partners_logo_show_8","label":"Show this section?","default":true},{"type":"image","id":"partners_logo_8.png","label":"Logo"},{"type":"text","id":"partners_link_8","label":"Link","default":"#"},{"type":"paragraph","content":"Logo 9"},{"type":"checkbox","id":"partners_logo_show_9","label":"Show this section?","default":true},{"type":"image","id":"partners_logo_9.png","label":"Logo"},{"type":"text","id":"partners_link_9","label":"Link","default":"#"},{"type":"paragraph","content":"Logo 10"},{"type":"checkbox","id":"partners_logo_show_10","label":"Show this section?","default":true},{"type":"image","id":"partners_logo_10.png","label":"Logo"},{"type":"text","id":"partners_link_10","label":"Link","default":"#"}]},{"name":"Footer","settings":[{"type":"header","content":"Look and Feel"},{"type":"select","id":"footer_txt_size","label":"Text","options":[{"value":"10px","label":"10px","group":"Font Size"},{"value":"11px","label":"11px","group":"Font Size"},{"value":"12px","label":"12px","group":"Font Size"},{"value":"13px","label":"13px","group":"Font Size"},{"value":"14px","label":"14px","group":"Font Size"},{"value":"16px","label":"16px","group":"Font Size"},{"value":"18px","label":"18px","group":"Font Size"},{"value":"24px","label":"24px","group":"Font Size"},{"value":"30px","label":"30px","group":"Font Size"}],"default":"12px"},{"type":"color","id":"footer_txt_colour","default":"#000000"},{"type":"select","id":"footer_link_style","label":"Link","options":[{"value":"normal","label":"normal","group":"Font Style"},{"value":"italic","label":"italic","group":"Font Style"}],"default":"normal"},{"type":"select","id":"footer_link_weight","label":"Font Weight","options":[{"value":"normal","label":"normal","group":"Font Weight"},{"value":"bold","label":"bold","group":"Font Weight"}],"default":"normal"},{"type":"color","id":"footer_link_colour","default":"#000000"},{"type":"select","id":"footer_link_style_hover","label":"Link Hover","options":[{"value":"normal","label":"normal","group":"Font Style"},{"value":"italic","label":"italic","group":"Font Style"}],"default":"normal"},{"type":"select","id":"footer_link_weight_hover","label":"Font Weight","options":[{"value":"normal","label":"normal","group":"Font Weight"},{"value":"bold","label":"bold","group":"Font Weight"},{"value":"200","label":"200","group":"Font Weight"},{"value":"300","label":"300","group":"Font Weight"},{"value":"400","label":"400","group":"Font Weight"},{"value":"500","label":"500","group":"Font Weight"},{"value":"600","label":"600","group":"Font Weight"}],"default":"normal"},{"type":"color","id":"footer_link_colour_hover","default":"#000000"},{"type":"header","content":"Mailing List Widget - Mailchimp Footer Block"},{"type":"checkbox","id":"show_mailing_list","label":"Show this widget?","default":true},{"type":"header","content":"Mailing List Widget - Mailchimp Popup"},{"type":"checkbox","id":"show_popup_mc","label":"Show Popup For Mailchimp?","default":true},{"type":"text","id":"mailing_list_timeout","label":"Timout Pop-up","default":"5000"},{"type":"text","id":"mailing_list_heading","label":"Heading","default":"Newsletter"},{"type":"textarea","id":"mailing_list_tagline","label":"Tagline"},{"type":"textarea","id":"mailchimp_form_action","label":"Mailchimp form action [( ? )](http:\/\/support.shopify.com\/customer\/portal\/articles\/640278)"},{"type":"paragraph","content":"[Where do I get my MailChimp Form Action?](http:\/\/support.shopify.com\/customer\/portal\/articles\/640278)"},{"type":"text","id":"mailing_list_emailtext","label":"Text displayed on the e-mail field","default":"Enter your email address"},{"type":"text","id":"mailing_list_ignoretext","label":"Ignore Text","default":"Don't show this popup again"},{"type":"image","id":"mailing_bg.png","label":"Upload a image for Popup Background"},{"type":"header","content":"Link List 1"},{"type":"checkbox","id":"show_footer_linklist_1","label":"Show this widget?","default":true},{"type":"text","id":"footer_linklist_heading_1","label":"Heading"},{"type":"link_list","id":"footer_linklist_1","label":"Link list:"},{"type":"header","content":"Link List 2"},{"type":"checkbox","id":"show_footer_link_list_2","label":"Show this widget?","default":true},{"type":"text","id":"footer_linklist_heading_2","label":"Heading"},{"type":"link_list","id":"footer_linklist_2","label":"Link list:"},{"type":"header","content":"Link List 3"},{"type":"checkbox","id":"show_footer_link_list_3","label":"Show this widget?","default":true},{"type":"text","id":"footer_linklist_heading_3","label":"Heading"},{"type":"link_list","id":"footer_linklist_3","label":"Link list:"},{"type":"header","content":"Link List 4"},{"type":"checkbox","id":"show_footer_link_list_4","label":"Show this widget?","default":true},{"type":"text","id":"footer_linklist_heading_4","label":"Heading"},{"type":"link_list","id":"footer_linklist_4","label":"Link list:"},{"type":"header","content":"Payment methods"},{"type":"checkbox","id":"show_paypal","label":"Paypal","default":true},{"type":"checkbox","id":"show_visa","label":"Visa","default":true},{"type":"checkbox","id":"show_amex","label":"American Express","default":true},{"type":"checkbox","id":"show_mastercard","label":"Mastercard","default":true},{"type":"checkbox","id":"show_moneybookers","label":"Moneybookers","default":true}]},{"name":"Sidebar","settings":[{"type":"checkbox","id":"show_sidebar_prodcoll","label":"Show sidebar","default":true},{"type":"header","content":"Look and Feel"},{"type":"select","id":"sidebar_heading_style","label":"Heading colour style","options":[{"value":"normal","label":"normal","group":"Font Style"},{"value":"italic","label":"italic","group":"Font Style"}],"default":"normal"},{"type":"select","id":"sidebar_heading_weight","label":"Font Weight","options":[{"value":"normal","label":"normal","group":"Font Weight"},{"value":"bold","label":"bold","group":"Font Weight"}],"default":"bold"},{"type":"color","id":"sidebar_heading_colour","default":"#ffffff"},{"type":"color","id":"sidebar_bg","label":"Widget background","default":"#ffffff"},{"type":"select","id":"sidebar_txt_size","label":"Text","options":[{"value":"10px","label":"10px","group":"Font Size"},{"value":"11px","label":"11px","group":"Font Size"},{"value":"12px","label":"12px","group":"Font Size"},{"value":"13px","label":"13px","group":"Font Size"},{"value":"14px","label":"14px","group":"Font Size"},{"value":"16px","label":"16px","group":"Font Size"},{"value":"18px","label":"18px","group":"Font Size"},{"value":"24px","label":"24px","group":"Font Size"},{"value":"30px","label":"30px","group":"Font Size"}],"default":"12px"},{"type":"color","id":"sidebar_txt_colour","default":"#ffffff"},{"type":"select","id":"sidebar_link_style","label":"Link","options":[{"value":"normal","label":"normal","group":"Font Style"},{"value":"italic","label":"italic","group":"Font Style"}],"default":"normal"},{"type":"select","id":"sidebar_link_weight","label":"Font Weight","options":[{"value":"normal","label":"normal","group":"Font Weight"},{"value":"bold","label":"bold","group":"Font Weight"}],"default":"normal"},{"type":"color","id":"sidebar_link_colour","default":"#000000"},{"type":"select","id":"sidebar_link_hover_style","label":"Link Hover","options":[{"value":"normal","label":"normal","group":"Font Style"},{"value":"italic","label":"italic","group":"Font Style"}],"default":"normal"},{"type":"select","id":"sidebar_link_hover_weight","label":"Font Weight","options":[{"value":"normal","label":"normal","group":"Font Weight"},{"value":"bold","label":"bold","group":"Font Weight"}],"default":"bold"},{"type":"color","id":"sidebar_link_hover_colour","default":"#000000"},{"type":"color","id":"sidebar_border_colour","label":"Border Colour","default":"#e5e5e5"},{"type":"header","content":"Tags filter"},{"type":"paragraph","content":"Group tag filter 1"},{"type":"text","id":"group_tag_1_label","label":"Label:"},{"type":"text","id":"group_tag_1","label":"Keys:","info":"Separate tags with comma"},{"type":"paragraph","content":"Group tab filter 2"},{"type":"text","id":"group_tag_2_label","label":"Label:"},{"type":"text","id":"group_tag_2","label":"Keys:","info":"Separate tags with comma"},{"type":"paragraph","content":"Group tab filter 3"},{"type":"text","id":"group_tag_3_label","label":"Label:"},{"type":"text","id":"group_tag_3","label":"Keys:","info":"Separate tags with comma"},{"type":"paragraph","content":"Group tab filter 4"},{"type":"text","id":"group_tag_4_label","label":"Label:"},{"type":"text","id":"group_tag_4","label":"Keys:","info":"Separate tags with comma"},{"type":"header","content":"Featured Products"},{"type":"checkbox","id":"featured_prod_visible","label":"Show this widget","default":true},{"type":"text","id":"featured_prod_heading","label":"Heading","default":"Featured Products"},{"type":"collection","id":"featured_prod_collection","label":"Choose collection"},{"type":"text","id":"featured_prod_num","label":"Number of items","default":"3"},{"type":"header","content":"Welcome Widget"},{"type":"checkbox","id":"textwidget_visible","label":"Show this widget","default":true},{"type":"text","id":"textwidget_heading","label":"Heading","default":"Welcome"},{"type":"textarea","id":"textwidget_content","label":"Content","default":"Lorem ipsum dolor sit amet, consectetur adipiscing elit. Aenean pharetra, ligula non mollis pretium, lectus libero sodales augue, interdum auctor mauris dui non risus. Nulla facilisi. Nunc rutrum diam in elit sagittis eget viverra erat viverra. Morbi imperdiet aliquet libero vel rhoncus. Integer."},{"type":"header","content":"Links List"},{"type":"checkbox","id":"show_vendors_widget","label":"Show all vendors?","default":true},{"type":"text","id":"vendors_widget_heading","label":"Heading","default":"Product Vendors"},{"type":"checkbox","id":"show_types_widget","label":"Show all types?","default":true},{"type":"text","id":"types_widget_heading","label":"Heading","default":"Product Types"},{"type":"checkbox","id":"show_allcollections_widget","label":"Show all collections?","default":true},{"type":"text","id":"allcollections_heading","label":"Heading","default":"Product Categories"},{"type":"checkbox","id":"show_widget_linklist1","label":"Show link list #1?"},{"type":"link_list","id":"widget_linklist1","label":"Use list:"},{"type":"checkbox","id":"show_widget_linklist2","label":"Show link list #2?"},{"type":"link_list","id":"widget_linklist2","label":"Use list:"},{"type":"header","content":"Sidebar Banner"},{"type":"text","id":"blog_banner_heading","label":"Heading","default":"Promotion"},{"type":"checkbox","id":"blog_banner_active","label":"Display Banner"},{"type":"image","id":"blog-slidebar-banner.jpg"}]},{"name":"Collection Page","settings":[{"type":"select","id":"collection_layout","label":"Set Default Layout:","options":[{"value":"full","label":"Full Width"},{"value":"left","label":"Have Left Slidebar"},{"value":"right","label":"Have Right Slidebar"}],"default":"left"},{"type":"header","content":"Look and Feel"},{"type":"checkbox","id":"collection_banner","label":"Display banner?","default":true},{"type":"image","id":"collection_banner.jpg"},{"type":"checkbox","id":"collection_image","label":"Display image?","default":true},{"type":"checkbox","id":"collection_desc","label":"Display description?","default":true},{"type":"checkbox","id":"collection_sort","label":"Display sort?","default":true},{"type":"checkbox","id":"collection_grid_list","label":"Display grid\/list?","default":true},{"type":"text","id":"collection_pagination_limit","label":"Number of products per page","default":"8"}]},{"name":"Product Page","settings":[{"type":"select","id":"product_layout","label":"Set Default Layout:","options":[{"value":"full","label":"Full Width"},{"value":"left","label":"Have Left Slidebar"},{"value":"right","label":"Have Right Slidebar"}],"default":"full"},{"type":"checkbox","id":"color_swatch","label":"Using Color Swatch?"},{"type":"header","content":"Product colour"},{"type":"select","id":"product_price_font_size","label":"Product Price","options":[{"value":"10px","label":"10px","group":"Size"},{"value":"11px","label":"11px","group":"Size"},{"value":"12px","label":"12px","group":"Size"},{"value":"13px","label":"13px","group":"Size"},{"value":"14px","label":"14px","group":"Size"},{"value":"16px","label":"16px","group":"Size"},{"value":"18px","label":"18px","group":"Size"},{"value":"20px","label":"20px","group":"Size"},{"value":"22px","label":"22px","group":"Size"},{"value":"24px","label":"24px","group":"Size"},{"value":"30px","label":"30px","group":"Size"},{"value":"36px","label":"36px","group":"Size"},{"value":"48px","label":"48px","group":"Size"},{"value":"60px","label":"60px","group":"Size"},{"value":"72px","label":"72px","group":"Size"}],"default":"22px"},{"type":"select","id":"product_price_font_style","label":"Font Style","options":[{"value":"normal","label":"normal","group":"Font Style"},{"value":"italic","label":"italic","group":"Font Style"}],"default":"normal"},{"type":"select","id":"product_price_font_weight","label":"Font Weight","options":[{"value":"normal","label":"normal","group":"Font Weight"},{"value":"bold","label":"bold","group":"Font Weight"}],"default":"bold"},{"type":"color","id":"product_price_colour","default":"#d70000"},{"type":"select","id":"product_compare_price_font_size","label":"Product Compare Price","options":[{"value":"10px","label":"10px","group":"Size"},{"value":"11px","label":"11px","group":"Size"},{"value":"12px","label":"12px","group":"Size"},{"value":"13px","label":"13px","group":"Size"},{"value":"14px","label":"14px","group":"Size"},{"value":"16px","label":"16px","group":"Size"},{"value":"18px","label":"18px","group":"Size"},{"value":"20px","label":"20px","group":"Size"},{"value":"24px","label":"24px","group":"Size"},{"value":"30px","label":"30px","group":"Size"},{"value":"36px","label":"36px","group":"Size"},{"value":"48px","label":"48px","group":"Size"},{"value":"60px","label":"60px","group":"Size"},{"value":"72px","label":"72px","group":"Size"}],"default":"30px"},{"type":"select","id":"product_compare_price_font_style","label":"Font Style","options":[{"value":"normal","label":"normal","group":"Font Style"},{"value":"italic","label":"italic","group":"Font Style"}],"default":"normal"},{"type":"select","id":"product_compare_price_font_weight","label":"Font Weight","options":[{"value":"normal","label":"normal","group":"Font Weight"},{"value":"bold","label":"bold","group":"Font Weight"}],"default":"bold"},{"type":"color","id":"product_compare_price_colour","default":"#d70000"},{"type":"select","id":"product_soldout_font_size","label":"Sold Out, Unavailable","options":[{"value":"10px","label":"10px","group":"Size"},{"value":"11px","label":"11px","group":"Size"},{"value":"12px","label":"12px","group":"Size"},{"value":"13px","label":"13px","group":"Size"},{"value":"14px","label":"14px","group":"Size"},{"value":"16px","label":"16px","group":"Size"},{"value":"18px","label":"18px","group":"Size"},{"value":"20px","label":"20px","group":"Size"},{"value":"24px","label":"24px","group":"Size"},{"value":"30px","label":"30px","group":"Size"},{"value":"36px","label":"36px","group":"Size"},{"value":"48px","label":"48px","group":"Size"},{"value":"60px","label":"60px","group":"Size"},{"value":"72px","label":"72px","group":"Size"}],"default":"30px"},{"type":"select","id":"product_soldout_font_style","label":"Font Style","options":[{"value":"normal","label":"normal","group":"Font Style"},{"value":"italic","label":"italic","group":"Font Style"}],"default":"normal"},{"type":"select","id":"product_soldout_font_weight","label":"Font Weight","options":[{"value":"normal","label":"normal","group":"Font Weight"},{"value":"bold","label":"bold","group":"Font Weight"}],"default":"normal"},{"type":"color","id":"product_soldout_colour","default":"#808080"},{"type":"header","content":"Tab Panel"},{"type":"checkbox","id":"enable_tabpanel","label":"Using Tab Panel"},{"type":"checkbox","id":"display_mspecs","label":"Measurements - Specs (Display, Title, Image)"},{"type":"text","id":"mspecs_title"},{"type":"image","id":"mspecs_image.jpg"},{"type":"checkbox","id":"display_custom_tab","label":"Custom Tab (Display, Title, HTML Code)"},{"type":"text","id":"custom_tab_title"},{"type":"textarea","id":"custom_tab_content"},{"type":"checkbox","id":"display_size_chart","label":"Size Charts (Display, Title, Image)"},{"type":"text","id":"size_chart_title"},{"type":"image","id":"size_chart_image.jpg"},{"type":"header","content":"Product Reviews"},{"type":"checkbox","id":"enable_rating_product","label":"Display?"},{"type":"header","content":"Sale off logo"},{"type":"select","id":"use_saleoff","label":"Use:","options":[{"value":"saleoff_txt","label":"Use Text"},{"value":"saleoff_img","label":"Custom Uploaded Image"}],"default":"saleoff_txt"},{"type":"image","id":"saleoff.png","label":"Upload a new background image"},{"type":"text","id":"saleoff_txt","label":"Custom Sale off text","default":"SALE"},{"type":"color","id":"saleoff_colour","label":"Custom Sale off colour, background, size","default":"#ffffff"},{"type":"select","id":"saleoff_font_size","label":"Font Size","options":[{"value":"10px","label":"10px","group":"Font Size"},{"value":"11px","label":"11px","group":"Font Size"},{"value":"12px","label":"12px","group":"Font Size"},{"value":"13px","label":"13px","group":"Font Size"},{"value":"14px","label":"14px","group":"Font Size"},{"value":"16px","label":"16px","group":"Font Size"},{"value":"18px","label":"18px","group":"Font Size"},{"value":"24px","label":"24px","group":"Font Size"},{"value":"30px","label":"30px","group":"Font Size"}],"default":"10px"},{"type":"color","id":"saleoff_bg","default":"#d70000"},{"type":"header","content":"Sharing Buttons"},{"type":"checkbox","id":"share_button","label":"Show this widget ?","default":true},{"type":"textarea","id":"add_code_share","label":"Add Code To Share"},{"type":"header","content":"Wish List"},{"type":"checkbox","id":"show_wish_list","label":"Show this widget?","default":true},{"type":"header","content":"Email"},{"type":"checkbox","id":"prduct_detail_email","label":"Show this widget?","default":true},{"type":"text","id":"prduct_detail_email_title","label":"Title"},{"type":"text","id":"prduct_detail_email_address","label":"Address"},{"type":"header","content":"Collection Beneath Product"},{"type":"paragraph","content":"You may need to [create some collections](\/admin\/custom_collections) before modifying these settings."},{"type":"checkbox","id":"productspg_related_products","label":"Show products from the same collection?","default":true},{"type":"paragraph","content":"If you're not showing products from the same collection, pick a collection below. The first products in that collection will be used. Pick 'None' if you don't want products shown beneath your product information."},{"type":"collection","id":"productspg_featured_collection","label":"Collection to show beneath the product information:"},{"type":"paragraph","content":"-"},{"type":"paragraph","content":"Look and Feel"},{"type":"paragraph","content":":"},{"type":"text","id":"productspg_featured_collection_heading","label":"Heading","default":"You may also like","info":"Leave blank if you don't want a heading"},{"type":"text","id":"productspg_featured_limit","label":"Maximum number of items to show:","default":"8"}]},{"name":"Blog Page","settings":[{"type":"header","content":"Look and Feel"},{"type":"color","id":"blog_text","label":"Blog text colour","default":"#505050"},{"type":"color","id":"blog_link","label":"Blog link colour","default":"#202020"},{"type":"color","id":"blog_link_hover","label":"Blog link hover colour","default":"#808080"},{"type":"color","id":"blog_border_colour","label":"Blog border colour","default":"#e5e5e5"},{"type":"text","id":"blog_pagination_limit","label":"Number of articles per page","default":"8"},{"type":"select","id":"blog_layout","label":"Set Blog Default Layout:","options":[{"value":"grid3","label":"Grid 3 columns"},{"value":"grid2","label":"Grid 2 columns"},{"value":"full","label":"Full Width"},{"value":"left","label":"Have Left Slidebar"},{"value":"right","label":"Have Right Slidebar"}],"default":"right"},{"type":"header","content":"Sidebar"},{"type":"checkbox","id":"blog_sidebar_show","label":"Disply sidebar?"},{"type":"paragraph","content":"Recent articles"},{"type":"checkbox","id":"blog_recent_show","label":"Display this widget?"},{"type":"text","id":"blog_recent_title","label":"Title","default":"Recent articles"},{"type":"blog","id":"blog_recent_blog","label":"Use blog"},{"type":"text","id":"blog_recent_number","label":"Number of","default":"2"},{"type":"paragraph","content":"Blog tags"},{"type":"checkbox","id":"blog_tags_show","label":"Display this widget?"},{"type":"text","id":"blog_tags_title","label":"Title","default":"Tags"},{"type":"header","content":"Comments"},{"type":"color","id":"comment_bg","label":"Background heading","default":"#1D1F20"},{"type":"text","id":"comment_pagination_limit","label":"Number of comments per page","default":"10"}]},{"name":"CMS Static Page","settings":[{"type":"header","content":"Contact Page"},{"type":"text","id":"contact_map_heading","label":"Heading","default":"We'd Love to Hear From You, Lets Get In Touch!"},{"type":"checkbox","id":"contact_map","label":"Show contact map","default":true},{"type":"select","id":"contact_type","label":"Map type","options":[{"value":"ROADMAP","label":"Normal map"},{"value":"SATELLITE","label":"Satellite"},{"value":"HYBRID","label":"Hybrid"},{"value":"TERRAIN","label":"Terrain"}]},{"type":"select","id":"contact_zoom","label":"Zoom level","options":[{"value":"0","label":"0"},{"value":"1","label":"1"},{"value":"2","label":"2"},{"value":"3","label":"3"},{"value":"4","label":"4"},{"value":"5","label":"5"},{"value":"6","label":"6"},{"value":"7","label":"7"},{"value":"8","label":"8"},{"value":"9","label":"9"},{"value":"10","label":"10"},{"value":"11","label":"11"},{"value":"12","label":"12"},{"value":"13","label":"13"},{"value":"14","label":"14"},{"value":"15","label":"15"},{"value":"16","label":"16"},{"value":"17","label":"17"},{"value":"18","label":"18"},{"value":"19","label":"19"},{"value":"20","label":"20"},{"value":"21","label":"21"}]},{"type":"text","id":"contact_address","label":"Map address"},{"type":"checkbox","id":"contact_scroll","label":"Scroll wheel","default":true},{"type":"header","content":"FAQ"},{"type":"text","id":"faq-text1-head","label":"FAQ 1 - Heading","default":"What are the delivery charges for orders from the Online Shop?"},{"type":"textarea","id":"faq-text1-cont","label":"FAQ 1 - Content","default":"Transform indicator overcome injustice pursue these aspirations natural resources. Maintain, social analysis Bloomberg; accelerate planned giving. Revitalize economic independence, foundation sharing economy, rights-based approach medical supplies eradicate celebrate informal economies. International medicine social worker participatory monitoring Bill and Melinda Gates our ambitions justice relief transform the world. Resolve emergency response accelerate progress, maximize collaborative cities lifting people up tackle frontline.  Transform indicator overcome injustice pursue these aspirations natural resources. Maintain, social analysis Bloomberg; accelerate planned giving. Revitalize economic independence, foundation sharing economy, rights-based approach medical supplies eradicate celebrate informal economies. International medicine social worker participatory monitoring Bill and Melinda Gates our ambitions justice relief transform the world. Resolve emergency response accelerate progress, maximize collaborative cities lifting people up tackle frontline."},{"type":"text","id":"faq-text2-head","label":"FAQ 2 - Heading","default":" Which payment methods are accepted in the Online Shop?"},{"type":"textarea","id":"faq-text2-cont","label":"FAQ 2 - Content"},{"type":"text","id":"faq-text3-head","label":"FAQ 3 - Heading","default":" How long will delivery take?"},{"type":"textarea","id":"faq-text3-cont","label":"FAQ 3 - Content"},{"type":"text","id":"faq-text4-head","label":"FAQ 4 - Heading","default":"How secure is shopping in the Online Shop? Is my data protected?"},{"type":"textarea","id":"faq-text4-cont","label":"FAQ 4 - Content"},{"type":"text","id":"faq-text5-head","label":"FAQ 5 - Heading","default":" What exactly happens after ordering?"},{"type":"textarea","id":"faq-text5-cont","label":"FAQ 5 - Content"},{"type":"text","id":"faq-text6-head","label":"FAQ 6 - Heading","default":"Do I receive an invoice for my order?"},{"type":"textarea","id":"faq-text6-cont","label":"FAQ 6 - Content"}]},{"name":"Cart Page","settings":[{"type":"checkbox","id":"allow_add_note","label":"Allow customers to add a note to their order?","default":true},{"type":"header","content":"Shipping Rates Calculator"},{"type":"select","id":"shipping_calculator","label":"Show the shipping calculator?","options":[{"value":"Disabled","label":"No"},{"value":"Enabled","label":"Yes"}],"default":"Enabled"},{"type":"text","id":"shipping_calculator_heading","label":"Heading text","default":"Get shipping estimates"},{"type":"text","id":"shipping_calculator_default_country","label":"Default country selection","default":"United States"},{"type":"paragraph","content":"If your customer is logged-in, the country in his default shipping address will be selected. If you are not sure about the spelling to use here, refer to the first checkout page."},{"type":"text","id":"shipping_calculator_submit_button_label","label":"Submit button label","default":"Calculate shipping"},{"type":"text","id":"shipping_calculator_submit_button_label_disabled","label":"Submit button label when calculating","default":"Calculating..."}]},{"name":"Extensions","settings":[{"type":"header","content":"Scroll to Top"},{"type":"checkbox","id":"totop_show","label":"Show this widget?","default":true},{"type":"text","id":"totop_label","label":"Tooltip label","default":"Back to Top"},{"type":"header","content":"Sticky Menu"},{"type":"checkbox","id":"sticky_show","label":"Using sticky menu","default":true}]}]